-1,-3000
0.5,-3000
0.50036,-3000
0.50072,-3000
0.50108,-3000
0.50144,-3000
0.5018,-3000
0.50216,-3000
0.50252,-3000
0.50288,-3000
0.50324,-3000
0.50359,-3000
0.50395,-3000
0.50431,-3000
0.50467,-3000
0.50503,-3000
0.50539,-3000
0.50575,-3000
0.50611,-3000
0.50647,-3000
0.50683,-3000
0.50719,-3000
0.50755,-3000
0.50791,-3000
0.50827,-3000
0.50863,-3000
0.50899,-3000
0.50935,-3000
0.50971,-3000
0.51006,-3000
0.51042,-3000
0.51078,-3000
0.51114,-3000
0.5115,-3000
0.51186,-3000
0.51222,-3000
0.51258,-3000
0.51294,-3000
0.5133,-3000
0.51366,-3000
0.51402,-3000
0.51438,-3000
0.51474,-3000
0.5151,-3000
0.51546,-3000
0.51582,-3000
0.51618,-3000
0.51654,-3000
0.51689,-3000
0.51725,-3000
0.51747,-3000
0.51761,-3000
0.51797,-3000
0.51833,-3000
0.51869,-3000
0.51905,-3000
0.51941,-3000
0.51977,-3000
0.52013,-3000
0.52049,-3000
0.52085,-3000
0.52121,-3000
0.52157,-3000
0.52193,-3000
0.52229,-3000
0.52265,-3000
0.52301,-3000
0.52337,-3000
0.52372,-3000
0.52408,-3000
0.52444,-3000
0.5248,-3000
0.52516,-3000
0.52552,-3000
0.52588,-3000
0.52624,-3000
0.5266,-3000
0.52696,-3000
0.52732,-3000
0.52768,-3000
0.52804,-3000
0.5284,-3000
0.52876,-3000
0.52912,-3000
0.52948,-3000
0.52984,-3000
0.53019,-3000
0.53055,-3000
0.53091,-3000
0.53127,-3000
0.53163,-3000
0.53199,-3000
0.53235,-3000
0.53271,-3000
0.53307,-3000
0.53343,-3000
0.53379,-3000
0.53415,-3000
0.53451,-3000
0.53487,-3000
0.53523,-3000
0.53559,-3000
0.53595,-3000
0.53631,-3000
0.53667,-3000
0.53702,-3000
0.53738,-3000
0.53774,-3000
0.5381,-3000
0.53846,-3000
0.53882,-3000
0.53918,-3000
0.53954,-3000
0.5399,-3000
0.54026,-3000
0.54062,-3000
0.54098,-3000
0.54134,-3000
0.5417,-3000
0.54206,-3000
0.54242,-3000
0.54278,-3000
0.54314,-3000
0.54349,-3000
0.54385,-3000
0.54421,-3000
0.54457,-3000
0.54493,-3000
0.54529,-3000
0.54565,-3000
0.54601,-3000
0.54637,-3000
0.54673,-3000
0.54709,-3000
0.54745,-3000
0.54781,-3000
0.54817,-3000
0.54853,-3000
0.54889,-3000
0.54925,-3000
0.54961,-3000
0.54997,-3000
0.55032,-3000
0.55068,-3000
0.55104,-3000
0.5514,-3000
0.55176,-3000
0.55212,-3000
0.55248,-3000
0.55284,-3000
0.5532,-3000
0.55356,-3000
0.55392,-3000
0.55428,-3000
0.55464,-3000
0.555,-3000
0.55536,-3000
0.55572,-3000
0.55608,-3000
0.55644,-3000
0.5568,-3000
0.55715,-3000
0.55751,-3000
0.55787,-3000
0.55823,-3000
0.55859,-3000
0.55895,-3000
0.55931,-3000
0.55967,-3000
0.56003,-3000
0.56039,-3000
0.56075,-3000
0.56111,-3000
0.56147,-3000
0.56183,-3000
0.56219,-3000
0.56255,-3000
0.56291,-3000
0.56327,-3000
0.56362,-3000
0.56398,-3000
0.56434,-3000
0.5647,-3000
0.56506,-3000
0.56542,-3000
0.56578,-3000
0.56614,-3000
0.5665,-3000
0.56686,-3000
0.56722,-3000
0.56758,-3000
0.56794,-3000
0.5683,-3000
0.56866,-3000
0.56902,-3000
0.56938,-3000
0.56974,-3000
0.5701,-3000
0.57045,-3000
0.57081,-3000
0.57117,-3000
0.57153,-3000
0.57189,-3000
0.57225,-3000
0.57261,-3000
0.57297,-3000
0.57333,-3000
0.57369,-3000
0.57405,-3000
0.57441,-3000
0.57477,-3000
0.57513,-3000
0.57549,-3000
0.57563,-3000
0.57585,-3000
0.57621,-3000
0.57657,-3000
0.57692,-3000
0.57728,-3000
0.57764,-3000
0.578,-3000
0.57836,-3000
0.57872,-3000
0.57908,-3000
0.57944,-3000
0.5798,-3000
0.58016,-3000
0.58052,-3000
0.58088,-3000
0.58124,-3000
0.5816,-3000
0.58196,-3000
0.58232,-3000
0.58268,-3000
0.58304,-3000
0.5834,-3000
0.58375,-3000
0.58411,-3000
0.58447,-3000
0.58483,-3000
0.58519,-3000
0.58555,-3000
0.58591,-3000
0.58627,-3000
0.58663,-3000
0.58699,-3000
0.58735,-3000
0.58771,-3000
0.58807,-3000
0.58843,-3000
0.58879,-3000
0.58915,-3000
0.58951,-3000
0.58987,-3000
0.59023,-3000
0.59058,-3000
0.59094,-3000
0.5913,-3000
0.59166,-3000
0.59202,-3000
0.59238,-3000
0.59274,-3000
0.5931,-3000
0.59346,-3000
0.59382,-3000
0.59418,-3000
0.59454,-3000
0.5949,-3000
0.59526,-3000
0.59562,-3000
0.59598,-3000
0.59634,-3000
0.5967,-3000
0.59705,-3000
0.59741,-3000
0.59777,-3000
0.59813,-3000
0.59849,-3000
0.59885,-3000
0.59921,-3000
0.59957,-3000
0.59993,-3000
0.60029,-3000
0.60065,-3000
0.60101,-3000
0.60137,-3000
0.60173,-3000
0.60209,-3000
0.60245,-3000
0.60281,-3000
0.60317,-3000
0.60353,-3000
0.60388,-3000
0.60424,-3000
0.6046,-3000
0.60496,-3000
0.60532,-3000
0.60568,-3000
0.60604,-3000
0.6064,-3000
0.60676,-3000
0.60712,-3000
0.60748,-3000
0.60784,-3000
0.6082,-3000
0.60856,-3000
0.60892,-3000
0.60928,-3000
0.60964,-3000
0.61,-3000
0.61035,-3000
0.61071,-3000
0.61107,-3000
0.61143,-3000
0.61179,-3000
0.61215,-3000
0.61251,-3000
0.61287,-3000
0.61323,-3000
0.61359,-3000
0.61395,-3000
0.61431,-3000
0.61467,-3000
0.61503,-3000
0.61539,-3000
0.61575,-3000
0.61611,-3000
0.61647,-3000
0.61683,-3000
0.61718,-3000
0.61754,-3000
0.6179,-3000
0.61826,-3000
0.61862,-3000
0.61898,-3000
0.61934,-3000
0.6197,-3000
0.62006,-3000
0.62042,-3000
0.62078,-3000
0.62114,-3000
0.6215,-3000
0.62186,-3000
0.62222,-3000
0.62258,-3000
0.62294,-3000
0.6233,-3000
0.62366,-3000
0.62401,-3000
0.62437,-3000
0.62473,-3000
0.62509,-3000
0.62545,-3000
0.62581,-3000
0.62617,-3000
0.62653,-3000
0.62689,-3000
0.62725,-3000
0.62761,-3000
0.62797,-3000
0.62833,-3000
0.62869,-3000
0.62905,-3000
0.62941,-3000
0.62977,-3000
0.63013,-3000
0.63048,-3000
0.63084,-3000
0.6312,-3000
0.63156,-3000
0.63192,-3000
0.63228,-3000
0.63264,-3000
0.633,-3000
0.63336,-3000
0.63372,-3000
0.63408,-3000
0.63444,-3000
0.6348,-3000
0.63516,-3000
0.63552,-3000
0.63588,-3000
0.63624,-3000
0.6366,-3000
0.63696,-3000
0.63731,-3000
0.63767,-3000
0.63803,-3000
0.63839,-3000
0.63875,-3000
0.63911,-3000
0.63947,-3000
0.63983,-3000
0.64019,-3000
0.64055,-3000
0.64091,-3000
0.64127,-3000
0.64163,-3000
0.64199,-3000
0.64235,-3000
0.64271,-3000
0.64307,-3000
0.64343,-3000
0.64378,-3000
0.64414,-3000
0.6445,-3000
0.64486,-3000
0.64522,-3000
0.64558,-3000
0.64594,-3000
0.6463,-3000
0.64666,-3000
0.64702,-3000
0.64738,-3000
0.64774,-3000
0.6481,-3000
0.64846,-3000
0.64882,-3000
0.64918,-3000
0.64954,-3000
0.6499,-3000
0.65026,-3000
0.65061,-3000
0.65097,-3000
0.65133,-3000
0.65169,-3000
0.65205,-3000
0.65241,-3000
0.65277,-3000
0.65313,-3000
0.65349,-3000
0.65385,-3000
0.65421,-3000
0.65457,-3000
0.65493,-3000
0.65529,-3000
0.65565,-3000
0.65601,-3000
0.65637,-3000
0.65673,-3000
0.65708,-3000
0.65744,-3000
0.6578,-3000
0.65816,-3000
0.65852,-3000
0.65888,-3000
0.65924,-3000
0.6596,-3000
0.65996,-3000
0.66032,-3000
0.66061,-3000
0.66068,-3000
0.66104,-3000
0.6614,-3000
0.66176,-3000
0.66212,-3000
0.66248,-3000
0.66284,-3000
0.6632,-3000
0.66356,-3000
0.66391,-3000
0.66427,-3000
0.66463,-3000
0.66499,-3000
0.66535,-3000
0.66571,-3000
0.66607,-3000
0.66643,-3000
0.66679,-3000
0.66715,-3000
0.66751,-3000
0.66787,-3000
0.66823,-3000
0.66859,-3000
0.66895,-3000
0.66931,-3000
0.66967,-3000
0.67003,-3000
0.67039,-3000
0.67074,-3000
0.6711,-3000
0.67146,-3000
0.67182,-3000
0.67218,-3000
0.67254,-3000
0.6729,-3000
0.67326,-3000
0.67362,-3000
0.67398,-3000
0.67434,-3000
0.6747,-3000
0.67506,-3000
0.67542,-3000
0.67578,-3000
0.67614,-3000
0.6765,-3000
0.67686,-3000
0.67721,-3000
0.67757,-3000
0.67793,-3000
0.67829,-3000
0.67865,-3000
0.67901,-3000
0.67937,-3000
0.67973,-3000
0.68009,-3000
0.68045,-3000
0.68081,-3000
0.68117,-3000
0.68153,-3000
0.68189,-3000
0.68225,-3000
0.68261,-3000
0.68297,-3000
0.68333,-3000
0.68369,-3000
0.68404,-3000
0.6844,-3000
0.68476,-3000
0.68512,-3000
0.68548,-3000
0.68584,-3000
0.6862,-3000
0.68656,-3000
0.68692,-3000
0.68728,-3000
0.68764,-3000
0.688,-3000
0.68836,-3000
0.68872,-3000
0.68908,-3000
0.68944,-3000
0.6898,-3000
0.69016,-3000
0.69051,-3000
0.69087,-3000
0.69123,-3000
0.69159,-3000
0.69195,-3000
0.69231,-3000
0.69267,-3000
0.69303,-3000
0.69339,-3000
0.69375,-3000
0.69411,-3000
0.69447,-3000
0.69483,-3000
0.69519,-3000
0.69555,-3000
0.69591,-3000
0.69627,-3000
0.69663,-3000
0.69699,-3000
0.69734,-3000
0.6977,-3000
0.69806,-3000
0.69842,-3000
0.69878,-3000
0.69914,-3000
0.6995,-3000
0.69986,-3000
0.70022,-3000
0.70058,-3000
0.70094,-3000
0.7013,-3000
0.70166,-3000
0.70202,-3000
0.70238,-3000
0.70274,-3000
0.7031,-3000
0.70346,-3000
0.70382,-3000
0.70417,-3000
0.70453,-3000
0.70489,-3000
0.70525,-3000
0.70561,-3000
0.70597,-3000
0.70633,-3000
0.70669,-3000
0.70705,-3000
0.70741,-3000
0.70777,-3000
0.70813,-3000
0.70849,-3000
0.70885,-3000
0.70921,-3000
0.70957,-3000
0.70993,-3000
0.71029,-3000
0.71064,-3000
0.711,-3000
0.71136,-3000
0.71172,-3000
0.71208,-3000
0.71244,-3000
0.7128,-3000
0.71316,-3000
0.71352,-3000
0.71388,-3000
0.71424,-3000
0.7146,-3000
0.71496,-3000
0.71532,-3000
0.71568,-3000
0.71604,-3000
0.7164,-3000
0.71676,-3000
0.71712,-3000
0.71747,-3000
0.71783,-3000
0.71819,-3000
0.71855,-3000
0.71891,-3000
0.71927,-3000
0.71963,-3000
0.71999,-3000
0.72035,-3000
0.72071,-3000
0.72107,-3000
0.72143,-3000
0.72179,-3000
0.72215,-3000
0.72251,-3000
0.72287,-3000
0.72323,-3000
0.72359,-3000
0.72394,-3000
0.7243,-3000
0.72466,-3000
0.72502,-3000
0.72538,-3000
0.72574,-3000
0.7261,-3000
0.72646,-3000
0.72682,-3000
0.72718,-3000
0.72754,-3000
0.7279,-3000
0.72826,-3000
0.72862,-3000
0.72898,-3000
0.72934,-3000
0.7297,-3000
0.73006,-3000
0.73042,-3000
0.73077,-3000
0.73113,-3000
0.73149,-3000
0.73185,-3000
0.73221,-3000
0.73257,-3000
0.73293,-3000
0.73329,-3000
0.73365,-3000
0.73401,-3000
0.73437,-3000
0.73473,-3000
0.73509,-3000
0.73545,-3000
0.73581,-3000
0.73617,-3000
0.73653,-3000
0.73689,-3000
0.73725,-3000
0.7376,-3000
0.73796,-3000
0.73832,-3000
0.73868,-3000
0.73904,-3000
0.7394,-3000
0.73976,-3000
0.74012,-3000
0.74048,-3000
0.74084,-3000
0.7412,-3000
0.74156,-3000
0.74192,-3000
0.74228,-3000
0.74264,-3000
0.743,-3000
0.74336,-3000
0.74372,-3000
0.74407,-3000
0.74443,-3000
0.74479,-3000
0.74515,-3000
0.74551,-3000
0.74587,-3000
0.74623,-3000
0.74659,-3000
0.74695,-3000
0.74731,-3000
0.74767,-3000
0.74803,-3000
0.74839,-3000
0.74875,-3000
0.74911,-3000
0.74947,-3000
0.74983,-3000
0.75019,-3000
0.75055,-3000
0.7509,-3000
0.75126,-3000
0.75162,-3000
0.75198,-3000
0.75234,-3000
0.7527,-3000
0.75306,-3000
0.75342,-3000
0.75378,-3000
0.75414,-3000
0.7545,-3000
0.75486,-3000
0.75522,-3000
0.75558,-3000
0.75594,-3000
0.7563,-3000
0.75666,-3000
0.75702,-3000
0.75737,-3000
0.75773,-3000
0.75809,-3000
0.75845,-3000
0.75881,-3000
0.75917,-3000
0.75953,-3000
0.75989,-3000
0.76025,-3000
0.76061,-3000
0.76097,-3000
0.76133,-3000
0.76169,-3000
0.76205,-3000
0.76241,-3000
0.76277,-3000
0.76313,-3000
0.76349,-3000
0.76385,-3000
0.7642,-3000
0.76456,-3000
0.76492,-3000
0.76528,-3000
0.76564,-3000
0.766,-3000
0.76636,-3000
0.76672,-3000
0.76708,-3000
0.76744,-3000
0.7678,-3000
0.76816,-3000
0.76852,-3000
0.76888,-3000
0.76924,-3000
0.7696,-3000
0.76996,-3000
0.77032,-3000
0.77068,-3000
0.77103,-3000
0.77139,-3000
0.77175,-3000
0.77211,-3000
0.77247,-3000
0.77283,-3000
0.77319,-3000
0.77355,-3000
0.77391,-3000
0.77427,-3000
0.77463,-3000
0.77499,-3000
0.77535,-3000
0.77571,-3000
0.77607,-3000
0.77628,-3000
0.77643,-3000
0.77679,-3000
0.77715,-3000
0.7775,-3000
0.77786,-3000
0.77822,-3000
0.77858,-3000
0.77894,-3000
0.7793,-3000
0.77966,-3000
0.78002,-3000
0.78038,-3000
0.78074,-3000
0.7811,-3000
0.78146,-3000
0.78182,-3000
0.78218,-3000
0.78254,-3000
0.7829,-3000
0.78326,-3000
0.78362,-3000
0.78398,-3000
0.78433,-3000
0.78469,-3000
0.78505,-3000
0.78541,-3000
0.78577,-3000
0.78613,-3000
0.78649,-3000
0.78685,-3000
0.78721,-3000
0.78757,-3000
0.78793,-3000
0.78829,-3000
0.78865,-3000
0.78901,-3000
0.78937,-3000
0.78973,-3000
0.79009,-3000
0.79045,-3000
0.7908,-3000
0.79116,-3000
0.79152,-3000
0.79188,-3000
0.79224,-3000
0.7926,-3000
0.79296,-3000
0.79332,-3000
0.79368,-3000
0.79404,-3000
0.7944,-3000
0.79476,-3000
0.79512,-3000
0.79548,-3000
0.79584,-3000
0.7962,-3000
0.79656,-3000
0.79692,-3000
0.79728,-3000
0.79756,-3000
0.79763,-3000
0.79799,-3000
0.79835,-3000
0.79871,-3000
0.79907,-3000
0.79943,-3000
0.79979,-3000
0.80015,-3000
0.80051,-3000
0.8008,-3000
0.80087,-3000
0.80123,-3000
0.80159,-3000
0.80195,-3000
0.80231,-3000
0.80267,-3000
0.80303,-3000
0.80339,-3000
0.80375,-3000
0.80411,-3000
0.80446,-3000
0.80482,-3000
0.80518,-3000
0.80554,-3000
0.8059,-3000
0.80619,-3000
0.80626,-3000
0.80662,-3000
0.80698,-3000
0.80734,-3000
0.8077,-3000
0.80806,-3000
0.80842,-3000
0.80878,-3000
0.80914,-3000
0.8095,-3000
0.80986,-3000
0.81022,-3000
0.81058,-3000
0.81093,-3000
0.81129,-3000
0.81165,-3000
0.81201,-3000
0.81237,-3000
0.81273,-3000
0.81309,-3000
0.81345,-3000
0.81381,-3000
0.81417,-3000
0.81453,-3000
0.81467,-3000
0.81482,-3000
0.81489,-3000
0.81525,-3000
0.81561,-3000
0.81597,-3000
0.81633,-3000
0.81669,-3000
0.81705,-3000
0.81741,-3000
0.81776,-3000
0.81812,-3000
0.81848,-3000
0.81884,-3000
0.8192,-3000
0.81956,-3000
0.81992,-3000
0.82028,-3000
0.82064,-3000
0.821,-3000
0.82136,-3000
0.82172,-3000
0.82208,-3000
0.82244,-3000
0.8228,-3000
0.82316,-3000
0.8233,-3000
0.82352,-3000
0.82388,-3000
0.82423,-3000
0.82459,-3000
0.82495,-3000
0.82531,-3000
0.82567,-3000
0.82603,-3000
0.82639,-3000
0.82675,-3000
0.82711,-3000
0.82747,-3000
0.82783,-3000
0.82819,-3000
0.82855,-3000
0.82891,-3000
0.82927,-3000
0.82963,-3000
0.82999,-3000
0.83035,-3000
0.83071,-3000
0.83106,-3000
0.83142,-3000
0.83171,-3000
0.83178,-3000
0.83214,-3000
0.8325,-3000
0.83286,-3000
0.83322,-3000
0.83358,-3000
0.83394,-3000
0.8343,-3000
0.83444,-3000
0.83466,-3000
0.83502,-3000
0.83538,-3000
0.83574,-3000
0.8361,-3000
0.83646,-3000
0.83682,-3000
0.83718,-3000
0.83754,-3000
0.83789,-3000
0.83825,-3000
0.83861,-3000
0.83897,-3000
0.83933,-3000
0.83969,-3000
0.84005,-3000
0.84034,-3000
0.84041,-3000
0.84077,-3000
0.84113,-3000
0.84149,-3000
0.84185,-3000
0.84221,-3000
0.84257,-3000
0.84293,-3000
0.84329,-3000
0.84365,-3000
0.84401,-3000
0.84436,-3000
0.84472,-3000
0.84508,-3000
0.84544,-3000
0.8458,-3000
0.84616,-3000
0.84652,-3000
0.84688,-3000
0.84724,-3000
0.8476,-3000
0.84796,-3000
0.84832,-3000
0.84868,-3000
0.84904,-3000
0.8494,-3000
0.84976,-3000
0.85012,-3000
0.85048,-3000
0.85084,-3000
0.85119,-3000
0.85155,-3000
0.85191,-3000
0.85227,-3000
0.85263,-3000
0.85299,-3000
0.85335,-3000
0.85371,-3000
0.85407,-3000
0.85443,-3000
0.85479,-3000
0.85515,-3000
0.85551,-3000
0.85587,-3000
0.85623,-3000
0.85659,-3000
0.85695,-3000
0.85731,-3000
0.85766,-3000
0.85802,-3000
0.85838,-3000
0.85874,-3000
0.8591,-3000
0.85946,-3000
0.85982,-3000
0.86018,-3000
0.86054,-3000
0.8609,-3000
0.86126,-3000
0.86162,-3000
0.86198,-3000
0.86234,-3000
0.8627,-3000
0.86306,-3000
0.86342,-3000
0.86378,-3000
0.86414,-3000
0.86449,-3000
0.86485,-3000
0.86521,-3000
0.86557,-3000
0.86593,-3000
0.86629,-3000
0.86665,-3000
0.86701,-3000
0.86737,-3000
0.86773,-3000
0.86809,-3000
0.86845,-3000
0.86881,-3000
0.86917,-3000
0.86953,-3000
0.86989,-3000
0.87025,-3000
0.87061,-3000
0.87097,-3000
0.87132,-3000
0.87168,-3000
0.87204,-3000
0.8724,-3000
0.87276,-3000
0.87312,-3000
0.87348,-3000
0.87384,-3000
0.8742,-3000
0.87456,-3000
0.87492,-3000
0.87528,-3000
0.87564,-3000
0.876,-3000
0.87636,-3000
0.87672,-3000
0.87708,-3000
0.87744,-3000
0.87779,-3000
0.87815,-3000
0.87851,-3000
0.87887,-3000
0.87923,-3000
0.87959,-3000
0.87995,-3000
0.88031,-3000
0.88067,-3000
0.88103,-3000
0.88139,-3000
0.88175,-3000
0.88211,-3000
0.88247,-3000
0.88283,-3000
0.88319,-3000
0.88355,-3000
0.88391,-3000
0.88427,-3000
0.88462,-3000
0.88498,-3000
0.88534,-3000
0.8857,-3000
0.88606,-3000
0.88642,-3000
0.88678,-3000
0.88714,-3000
0.8875,-3000
0.88786,-3000
0.88822,-3000
0.88858,-3000
0.88894,-3000
0.8893,-3000
0.88966,-3000
0.89002,-3000
0.89038,-3000
0.89074,-3000
0.89109,-3000
0.89145,-3000
0.89181,-3000
0.89217,-3000
0.89253,-3000
0.89289,-3000
0.89325,-3000
0.89361,-3000
0.89397,-3000
0.89426,-3000
0.89433,-3000
0.89469,-3000
0.89476,-3000
0.89505,-3000
0.89541,-3000
0.89577,-3000
0.89613,-3000
0.89649,-3000
0.89685,-3000
0.89721,-3000
0.89757,-3000
0.89792,-3000
0.898,-3000
0.89828,-3000
0.89864,-3000
0.899,-3000
0.89936,-3000
0.89972,-3000
0.90008,3000
0.90044,3000
0.89995,3000
0.89947,3000
0.89898,3000
0.89849,3000
0.898,3000
0.89752,3000
0.89713,3000
0.89703,3000
0.89654,3000
0.89644,3000
0.89605,3000
0.89557,3000
0.89508,3000
0.89459,3000
0.89411,3000
0.89362,3000
0.89313,3000
0.89264,3000
0.89216,3000
0.89167,3000
0.89118,3000
0.89069,3000
0.89021,3000
0.88972,3000
0.88923,3000
0.88875,3000
0.88826,3000
0.88777,3000
0.88728,3000
0.8868,3000
0.88631,3000
0.88582,3000
0.88533,3000
0.88485,3000
0.88475,3000
0.88436,3000
0.88387,3000
0.88338,3000
0.8829,3000
0.88241,3000
0.88192,3000
0.88144,3000
0.88095,3000
0.88046,3000
0.87997,3000
0.87949,3000
0.879,3000
0.87851,3000
0.87802,3000
0.87754,3000
0.87705,3000
0.87656,3000
0.87607,3000
0.87559,3000
0.8751,3000
0.87471,3000
0.87461,3000
0.87413,3000
0.87364,3000
0.87315,3000
0.87266,3000
0.87218,3000
0.87169,3000
0.8712,3000
0.87071,3000
0.87023,3000
0.86974,3000
0.86925,3000
0.86876,3000
0.86828,3000
0.86779,3000
0.8673,3000
0.86682,3000
0.86633,3000
0.86584,3000
0.86535,3000
0.86487,3000
0.86438,3000
0.86389,3000
0.8634,3000
0.86292,3000
0.86243,3000
0.86194,3000
0.86145,3000
0.86097,3000
0.86048,3000
0.85999,3000
0.85951,3000
0.85902,3000
0.85853,3000
0.85804,3000
0.85756,3000
0.85707,3000
0.85658,3000
0.85609,3000
0.85561,3000
0.85512,3000
0.85463,3000
0.85414,3000
0.85366,3000
0.85317,3000
0.85268,3000
0.8522,3000
0.85171,3000
0.85122,3000
0.85073,3000
0.85025,3000
0.84976,3000
0.84927,3000
0.84878,3000
0.8483,3000
0.84781,3000
0.84732,3000
0.84683,3000
0.84635,3000
0.84586,3000
0.84537,3000
0.84489,3000
0.8444,3000
0.84391,3000
0.84342,3000
0.84294,3000
0.84245,3000
0.84196,3000
0.84147,3000
0.84099,3000
0.8405,3000
0.84001,3000
0.83952,3000
0.83904,3000
0.83855,3000
0.83806,3000
0.83758,3000
0.83709,3000
0.8366,3000
0.83611,3000
0.83563,3000
0.83514,3000
0.83465,3000
0.83416,3000
0.83368,3000
0.83319,3000
0.8327,3000
0.83221,3000
0.83173,3000
0.83124,3000
0.83075,3000
0.83027,3000
0.82978,3000
0.82929,3000
0.8288,3000
0.82832,3000
0.82783,3000
0.82734,3000
0.82685,3000
0.82637,3000
0.82588,3000
0.82539,3000
0.8249,3000
0.82442,3000
0.82393,3000
0.82344,3000
0.82296,3000
0.82247,3000
0.82198,3000
0.82149,3000
0.82101,3000
0.82052,3000
0.82003,3000
0.81954,3000
0.81906,3000
0.81857,3000
0.81808,3000
0.81759,3000
0.81711,3000
0.81662,3000
0.81613,3000
0.81565,3000
0.81516,3000
0.81467,3000
0.81418,3000
0.8137,3000
0.81321,3000
0.81272,3000
0.81223,3000
0.81175,3000
0.81126,3000
0.81077,3000
0.81028,3000
0.8098,3000
0.80931,3000
0.80882,3000
0.80834,3000
0.80785,3000
0.80736,3000
0.80687,3000
0.80639,3000
0.8059,3000
0.80541,3000
0.80492,3000
0.80444,3000
0.80395,3000
0.80346,3000
0.80298,3000
0.80249,3000
0.802,3000
0.80151,3000
0.80103,3000
0.80054,3000
0.80005,3000
0.79956,3000
0.79908,3000
0.79859,3000
0.7981,3000
0.79761,3000
0.79713,3000
0.79664,3000
0.79615,3000
0.79567,3000
0.79518,3000
0.79469,3000
0.7942,3000
0.79372,3000
0.79323,3000
0.79274,3000
0.79225,3000
0.79177,3000
0.79128,3000
0.79079,3000
0.7903,3000
0.78982,3000
0.78933,3000
0.78894,3000
0.78884,3000
0.78836,3000
0.78787,3000
0.78738,3000
0.78689,3000
0.78641,3000
0.78592,3000
0.78543,3000
0.78494,3000
0.78446,3000
0.78397,3000
0.78348,3000
0.78299,3000
0.78251,3000
0.78202,3000
0.78153,3000
0.78105,3000
0.78056,3000
0.78007,3000
0.77958,3000
0.7791,3000
0.77861,3000
0.77812,3000
0.77763,3000
0.77724,3000
0.77715,3000
0.77666,3000
0.77617,3000
0.77568,3000
0.7752,3000
0.77471,3000
0.77422,3000
0.77374,3000
0.77325,3000
0.77276,3000
0.77227,3000
0.77179,3000
0.7713,3000
0.77081,3000
0.77032,3000
0.76984,3000
0.76935,3000
0.76886,3000
0.76837,3000
0.76808,3000
0.76789,3000
0.7674,3000
0.76691,3000
0.76643,3000
0.76594,3000
0.76545,3000
0.76496,3000
0.76448,3000
0.76399,3000
0.7635,3000
0.76301,3000
0.76253,3000
0.76204,3000
0.76155,3000
0.76106,3000
0.76058,3000
0.76009,3000
0.7596,3000
0.75912,3000
0.75892,3000
0.75863,3000
0.75814,3000
0.75765,3000
0.75717,3000
0.75668,3000
0.75639,3000
0.75619,3000
0.7557,3000
0.75522,3000
0.75473,3000
0.75424,3000
0.75375,3000
0.75327,3000
0.75307,3000
0.75278,3000
0.75229,3000
0.75181,3000
0.75132,3000
0.75083,3000
0.75034,3000
0.74986,3000
0.74937,3000
0.74888,3000
0.74839,3000
0.74791,3000
0.74742,3000
0.74693,3000
0.74644,3000
0.74596,3000
0.74547,3000
0.74498,3000
0.74469,3000
0.7445,3000
0.74401,3000
0.74352,3000
0.74303,3000
0.74255,3000
0.74206,3000
0.74157,3000
0.74138,3000
0.74108,3000
0.7406,3000
0.74011,3000
0.73962,3000
0.73913,3000
0.73865,3000
0.73816,3000
0.73767,3000
0.73719,3000
0.7367,3000
0.73621,3000
0.73572,3000
0.73524,3000
0.73475,3000
0.73426,3000
0.73377,3000
0.73329,3000
0.7328,3000
0.73231,3000
0.73182,3000
0.73134,3000
0.73085,3000
0.73036,3000
0.73007,3000
0.72988,3000
0.72939,3000
0.7289,3000
0.72841,3000
0.72793,3000
0.72744,3000
0.72695,3000
0.72646,3000
0.72598,3000
0.72549,3000
0.725,3000
0.72452,3000
0.72403,3000
0.72354,3000
0.72344,3000
0.72305,3000
0.72257,3000
0.72208,3000
0.72159,3000
0.7211,3000
0.72062,3000
0.72013,3000
0.71964,3000
0.71915,3000
0.71867,3000
0.71837,3000
0.71818,3000
0.71789,3000
0.71769,3000
0.71721,3000
0.71672,3000
0.71623,3000
0.71574,3000
0.71526,3000
0.71477,3000
0.71428,3000
0.71379,3000
0.71331,3000
0.71282,3000
0.71233,3000
0.71184,3000
0.71175,3000
0.71136,3000
0.71087,3000
0.71038,3000
0.7099,3000
0.70941,3000
0.70892,3000
0.70843,3000
0.70795,3000
0.70746,3000
0.70697,3000
0.70648,3000
0.706,3000
0.70551,3000
0.70502,3000
0.70453,3000
0.70405,3000
0.70356,3000
0.70307,3000
0.70259,3000
0.7021,3000
0.70161,3000
0.70112,3000
0.70064,3000
0.70015,3000
0.69966,3000
0.69927,3000
0.69917,3000
0.69869,3000
0.6982,3000
0.69771,3000
0.69722,3000
0.69674,3000
0.69625,3000
0.69576,3000
0.69528,3000
0.69479,3000
0.6944,3000
0.6943,3000
0.69381,3000
0.69333,3000
0.69284,3000
0.69235,3000
0.69186,3000
0.69138,3000
0.69089,3000
0.6906,3000
0.6904,3000
0.69001,3000
0.68991,3000
0.68943,3000
0.68894,3000
0.68845,3000
0.68797,3000
0.68758,3000
0.68748,3000
0.68699,3000
0.6865,3000
0.68602,3000
0.68553,3000
0.68504,3000
0.68455,3000
0.68407,3000
0.68358,3000
0.68348,3000
0.68309,3000
0.6827,3000
0.6826,3000
0.68212,3000
0.68163,3000
0.68134,3000
0.68114,3000
0.68066,3000
0.68017,3000
0.67968,3000
0.67919,3000
0.6789,3000
0.67871,3000
0.67822,3000
0.67773,3000
0.67724,3000
0.67676,3000
0.67627,3000
0.67578,3000
0.67529,3000
0.67481,3000
0.67432,3000
0.67383,3000
0.67335,3000
0.67286,3000
0.67237,3000
0.67188,3000
0.67179,3000
0.6714,3000
0.67101,3000
0.67091,3000
0.67042,3000
0.66993,3000
0.66954,3000
0.66945,3000
0.66896,3000
0.66847,3000
0.66798,3000
0.6675,3000
0.66721,3000
0.66701,3000
0.66652,3000
0.66604,3000
0.66555,3000
0.66506,3000
0.66457,3000
0.66409,3000
0.6636,3000
0.66311,3000
0.66262,3000
0.66214,3000
0.66165,3000
0.66116,3000
0.66067,3000
0.66019,3000
0.6597,3000
0.65921,3000
0.65873,3000
0.65824,3000
0.65785,3000
0.65775,3000
0.65726,3000
0.65678,3000
0.65629,3000
0.6558,3000
0.65531,3000
0.65483,3000
0.65434,3000
0.65385,3000
0.65336,3000
0.65288,3000
0.65239,3000
0.6519,3000
0.65142,3000
0.65093,3000
0.65044,3000
0.64995,3000
0.64947,3000
0.64898,3000
0.64849,3000
0.648,3000
0.64752,3000
0.64703,3000
0.64654,3000
0.64605,3000
0.64557,3000
0.64508,3000
0.64459,3000
0.64411,3000
0.64362,3000
0.64313,3000
0.64264,3000
0.64216,3000
0.64167,3000
0.64118,3000
0.64069,3000
0.64021,3000
0.63972,3000
0.63923,3000
0.63904,3000
0.63875,3000
0.63826,3000
0.63777,3000
0.63728,3000
0.6368,3000
0.63631,3000
0.63582,3000
0.63533,3000
0.63485,3000
0.63436,3000
0.63387,3000
0.63338,3000
0.6329,3000
0.63241,3000
0.63192,3000
0.63144,3000
0.63095,3000
0.63046,3000
0.62997,3000
0.62949,3000
0.629,3000
0.62851,3000
0.62802,3000
0.62754,3000
0.62734,3000
0.62705,3000
0.62656,3000
0.62607,3000
0.62559,3000
0.6251,3000
0.62471,3000
0.62461,3000
0.62413,3000
0.62364,3000
0.62315,3000
0.62266,3000
0.62218,3000
0.62169,3000
0.6212,3000
0.62071,3000
0.62023,3000
0.61974,3000
0.61925,3000
0.61876,3000
0.61828,3000
0.61779,3000
0.6173,3000
0.61682,3000
0.61633,3000
0.61584,3000
0.61535,3000
0.61516,3000
0.61487,3000
0.61457,3000
0.61438,3000
0.61389,3000
0.6134,3000
0.61301,3000
0.61292,3000
0.61243,3000
0.61223,3000
0.61194,3000
0.61145,3000
0.61097,3000
0.61048,3000
0.60999,3000
0.60951,3000
0.60902,3000
0.60853,3000
0.60804,3000
0.60756,3000
0.60707,3000
0.60658,3000
0.60609,3000
0.60561,3000
0.60512,3000
0.60463,3000
0.60414,3000
0.60366,3000
0.60317,3000
0.60288,3000
0.60268,3000
0.6022,3000
0.60171,3000
0.60132,3000
0.60122,3000
0.60073,3000
0.60054,3000
0.60025,3000
0.59976,3000
0.59927,3000
0.59878,3000
0.5983,3000
0.59791,3000
0.59781,3000
0.59732,3000
0.59683,3000
0.59635,3000
0.59586,3000
0.59537,3000
0.59489,3000
0.5944,3000
0.59391,3000
0.59342,3000
0.59294,3000
0.59245,3000
0.59196,3000
0.59147,3000
0.59099,3000
0.5905,3000
0.59001,3000
0.58962,3000
0.58952,3000
0.58904,3000
0.58855,3000
0.58806,3000
0.58758,3000
0.58709,3000
0.5866,3000
0.58621,3000
0.58611,3000
0.58563,3000
0.58514,3000
0.58465,3000
0.58416,3000
0.58368,3000
0.58319,3000
0.5827,3000
0.58221,3000
0.58173,3000
0.58134,3000
0.58124,3000
0.58075,3000
0.58027,3000
0.57978,3000
0.57929,3000
0.5788,3000
0.57832,3000
0.57793,3000
0.57783,3000
0.57734,3000
0.57685,3000
0.57637,3000
0.57588,3000
0.57539,3000
0.5749,3000
0.57442,3000
0.57393,3000
0.57344,3000
0.57296,3000
0.57247,3000
0.57198,3000
0.57149,3000
0.57101,3000
0.57052,3000
0.57003,3000
0.56964,3000
0.56954,3000
0.56906,3000
0.56857,3000
0.56808,3000
0.56759,3000
0.56721,3000
0.56711,3000
0.56662,3000
0.56613,3000
0.56565,3000
0.56516,3000
0.56467,3000
0.56418,3000
0.5637,3000
0.56321,3000
0.56272,3000
0.56223,3000
0.56175,3000
0.56126,3000
0.56077,3000
0.56028,3000
0.5598,3000
0.55931,3000
0.55882,3000
0.55863,3000
0.55834,3000
0.55785,3000
0.55746,3000
0.55736,3000
0.55687,3000
0.55639,3000
0.5559,3000
0.55551,3000
0.55541,3000
0.55492,3000
0.55444,3000
0.55395,3000
0.55346,3000
0.55298,3000
0.55249,3000
0.552,3000
0.55151,3000
0.55103,3000
0.55054,3000
0.55005,3000
0.54956,3000
0.54908,3000
0.54859,3000
0.5481,3000
0.54761,3000
0.54713,3000
0.54693,3000
0.54664,3000
0.54615,3000
0.54567,3000
0.54518,3000
0.54469,3000
0.5442,3000
0.54381,3000
0.54372,3000
0.54323,3000
0.54274,3000
0.54225,3000
0.54177,3000
0.54128,3000
0.54079,3000
0.5403,3000
0.53982,3000
0.53933,3000
0.53884,3000
0.53836,3000
0.53787,3000
0.53738,3000
0.53689,3000
0.53641,3000
0.53592,3000
0.53543,3000
0.53524,3000
0.53494,3000
0.53446,3000
0.53397,3000
0.53387,3000
0.53348,3000
0.53299,3000
0.53251,3000
0.53231,3000
0.53202,3000
0.53153,3000
0.53105,3000
0.53056,3000
0.53007,3000
0.52958,3000
0.5291,3000
0.52861,3000
0.52812,3000
0.52763,3000
0.52715,3000
0.52666,3000
0.52617,3000
0.52568,3000
0.5252,3000
0.52471,3000
0.52422,3000
0.52383,3000
0.52374,3000
0.52325,3000
0.52276,3000
0.52227,3000
0.52218,3000
0.52179,3000
0.5213,3000
0.52081,3000
0.52062,3000
0.52032,3000
0.51984,3000
0.51935,3000
0.51886,3000
0.51837,3000
0.51789,3000
0.5174,3000
0.51691,3000
0.51643,3000
0.51594,3000
0.51545,3000
0.51496,3000
0.51457,3000
0.51448,3000
0.51399,3000
0.51379,3000
0.5135,3000
0.51311,3000
0.51301,3000
0.51253,3000
0.51204,3000
0.51155,3000
0.51106,3000
0.51058,3000
0.51009,3000
0.5096,3000
0.50912,3000
0.50863,3000
0.50814,3000
0.50765,3000
0.50717,3000
0.50668,3000
0.50619,3000
0.5057,3000
0.50522,3000
0.50473,3000
0.50424,3000
0.50395,3000
0.50375,3000
0.50327,3000
0.50288,3000
0.50278,3000
0.50229,3000
0.5021,3000
0.50181,3000
0.50142,3000
0.50132,3000
0.50083,3000
0.50034,3000
0.49986,3000
0.49937,3000
0.49888,3000
0.49839,3000
0.49791,3000
0.49742,3000
0.49693,3000
0.49644,3000
0.49596,3000
0.49547,3000
0.49498,3000
0.4945,3000
0.49401,3000
0.49352,3000
0.49303,3000
0.49255,3000
0.49206,3000
0.49177,3000
0.49157,3000
0.49118,3000
0.49108,3000
0.4906,3000
0.4904,3000
0.49011,3000
0.48962,3000
0.48913,3000
0.48865,3000
0.48816,3000
0.48767,3000
0.48719,3000
0.4867,3000
0.48641,3000
0.48621,3000
0.48572,3000
0.48524,3000
0.48494,3000
0.48475,3000
0.48426,3000
0.48377,3000
0.48329,3000
0.4828,3000
0.48231,3000
0.48182,3000
0.48134,3000
0.48085,3000
0.48036,3000
0.48007,3000
0.47988,3000
0.47939,3000
0.4789,3000
0.47841,3000
0.47793,3000
0.47744,3000
0.47695,3000
0.47646,3000
0.47598,3000
0.47549,3000
0.475,3000
0.47471,3000
0.47452,3000
0.47403,3000
0.47354,3000
0.47325,3000
0.47305,3000
0.47257,3000
0.47208,3000
0.47159,3000
0.4711,3000
0.47062,3000
0.47013,3000
0.46964,3000
0.46915,3000
0.46867,3000
0.46818,3000
0.46769,3000
0.46721,3000
0.46672,3000
0.46623,3000
0.46574,3000
0.46526,3000
0.46477,3000
0.46428,3000
0.46379,3000
0.46331,3000
0.46311,3000
0.46282,3000
0.46233,3000
0.46184,3000
0.46136,3000
0.46087,3000
0.46038,3000
0.4599,3000
0.45941,3000
0.45892,3000
0.45843,3000
0.45795,3000
0.45746,3000
0.45697,3000
0.45658,3000
0.45648,3000
0.456,3000
0.45551,3000
0.45502,3000
0.45453,3000
0.45405,3000
0.45356,3000
0.45317,3000
0.45307,3000
0.45259,3000
0.4521,3000
0.45161,3000
0.45142,3000
0.45112,3000
0.45064,3000
0.45015,3000
0.44995,3000
0.44966,3000
0.44917,3000
0.44869,3000
0.4482,3000
0.44771,3000
0.44722,3000
0.44674,3000
0.44625,3000
0.44576,3000
0.44528,3000
0.44489,3000
0.44479,3000
0.4443,3000
0.44381,3000
0.44333,3000
0.44284,3000
0.44235,3000
0.44186,3000
0.44138,3000
0.44089,3000
0.4404,3000
0.43991,3000
0.43972,3000
0.43943,3000
0.43894,3000
0.43845,3000
0.43826,3000
0.43797,3000
0.43748,3000
0.43699,3000
0.4365,3000
0.43602,3000
0.43553,3000
0.43504,3000
0.43455,3000
0.43407,3000
0.43358,3000
0.43309,3000
0.4326,3000
0.43212,3000
0.43163,3000
0.43114,3000
0.43066,3000
0.43017,3000
0.42968,3000
0.42919,3000
0.42871,3000
0.42822,3000
0.42773,3000
0.42724,3000
0.42715,3000
0.42676,3000
0.42627,3000
0.42578,3000
0.42549,3000
0.42529,3000
0.42481,3000
0.42432,3000
0.42383,3000
0.42335,3000
0.42286,3000
0.42237,3000
0.42188,3000
0.4214,3000
0.42091,3000
0.42042,3000
0.41993,3000
0.41945,3000
0.41896,3000
0.41847,3000
0.41798,3000
0.4175,3000
0.41701,3000
0.41652,3000
0.41604,3000
0.41555,3000
0.41506,3000
0.41487,3000
0.41457,3000
0.41409,3000
0.41379,3000
0.4136,3000
0.41311,3000
0.41262,3000
0.41214,3000
0.41165,3000
0.41116,3000
0.41067,3000
0.41048,3000
0.41019,3000
0.4097,3000
0.40921,3000
0.40873,3000
0.40824,3000
0.40775,3000
0.40726,3000
0.40678,3000
0.40629,3000
0.4058,3000
0.40531,3000
0.40483,3000
0.40473,3000
0.40434,3000
0.40385,3000
0.40336,3000
0.40317,3000
0.40288,3000
0.40239,3000
0.4019,3000
0.40142,3000
0.40093,3000
0.40044,3000
0.39995,3000
0.39947,3000
0.39898,3000
0.39878,3000
0.39849,3000
0.398,3000
0.39752,3000
0.39703,3000
0.39654,3000
0.39605,3000
0.39557,3000
0.39508,3000
0.39459,3000
0.39411,3000
0.39362,3000
0.39313,3000
0.39264,3000
0.39216,3000
0.39167,3000
0.39147,3000
0.39118,3000
0.39069,3000
0.39021,3000
0.38972,3000
0.38923,3000
0.38875,3000
0.38826,3000
0.38777,3000
0.38728,3000
0.3868,3000
0.38631,3000
0.38582,3000
0.38533,3000
0.38485,3000
0.38436,3000
0.38387,3000
0.38338,3000
0.38299,3000
0.3829,3000
0.38241,3000
0.38192,3000
0.38144,3000
0.38124,3000
0.38095,3000
0.38046,3000
0.37997,3000
0.37949,3000
0.379,3000
0.37851,3000
0.37802,3000
0.37754,3000
0.37705,3000
0.37656,3000
0.37607,3000
0.37559,3000
0.3751,3000
0.37461,3000
0.37413,3000
0.37364,3000
0.37315,3000
0.37266,3000
0.37218,3000
0.37169,3000
0.3713,3000
0.3712,3000
0.37071,3000
0.37023,3000
0.36974,3000
0.36954,3000
0.36925,3000
0.36876,3000
0.36857,3000
0.36828,3000
0.36798,3000
0.36779,3000
0.3673,3000
0.36701,3000
0.36682,3000
0.36633,3000
0.36584,3000
0.36535,3000
0.36487,3000
0.36438,3000
0.36389,3000
0.3636,3000
0.3634,3000
0.36292,3000
0.36243,3000
0.36194,3000
0.36145,3000
0.36097,3000
0.36048,3000
0.35999,3000
0.35951,3000
0.35902,3000
0.35853,3000
0.35834,3000
0.35804,3000
0.35756,3000
0.35707,3000
0.35687,3000
0.35658,3000
0.35629,3000
0.35609,3000
0.35561,3000
0.35512,3000
0.35463,3000
0.35414,3000
0.35366,3000
0.35317,3000
0.35268,3000
0.3522,3000
0.3519,3000
0.35171,3000
0.35132,3000
0.35122,3000
0.35073,3000
0.35025,3000
0.34976,3000
0.34927,3000
0.34878,3000
0.3483,3000
0.34781,3000
0.34732,3000
0.34683,3000
0.34635,3000
0.34586,3000
0.34537,3000
0.34518,3000
0.34489,3000
0.3444,3000
0.34391,3000
0.34342,3000
0.34294,3000
0.34245,3000
0.34196,3000
0.34147,3000
0.34099,3000
0.3405,3000
0.34001,3000
0.33962,3000
0.33952,3000
0.33904,3000
0.33855,3000
0.33806,3000
0.33758,3000
0.33709,3000
0.3366,3000
0.33611,3000
0.33563,3000
0.33514,3000
0.33465,3000
0.33416,3000
0.33368,3000
0.33319,3000
0.33299,3000
0.3327,3000
0.33221,3000
0.33173,3000
0.33124,3000
0.33075,3000
0.33027,3000
0.32978,3000
0.32929,3000
0.3288,3000
0.32832,3000
0.32793,3000
0.32783,3000
0.32734,3000
0.32685,3000
0.32676,3000
0.32637,3000
0.32588,3000
0.32539,3000
0.3249,3000
0.32442,3000
0.32403,3000
0.32393,3000
0.32344,3000
0.32296,3000
0.32247,3000
0.32198,3000
0.32149,3000
0.3213,3000
0.32101,3000
0.32052,3000
0.32003,3000
0.31954,3000
0.31906,3000
0.31857,3000
0.31808,3000
0.31759,3000
0.31711,3000
0.31662,3000
0.31613,3000
0.31565,3000
0.31516,3000
0.31506,3000
0.31467,3000
0.31418,3000
0.3137,3000
0.3136,3000
0.31321,3000
0.31292,3000
0.31272,3000
0.31233,3000
0.31223,3000
0.31175,3000
0.31126,3000
0.31077,3000
0.31028,3000
0.31019,3000
0.3098,3000
0.30931,3000
0.30882,3000
0.30834,3000
0.30785,3000
0.30736,3000
0.30687,3000
0.30639,3000
0.3059,3000
0.30541,3000
0.30492,3000
0.30444,3000
0.30395,3000
0.30346,3000
0.30298,3000
0.30249,3000
0.302,3000
0.30151,3000
0.30122,3000
0.30103,3000
0.30064,3000
0.30054,3000
0.30005,3000
0.29956,3000
0.29908,3000
0.29859,3000
0.29849,3000
0.2981,3000
0.29761,3000
0.29732,3000
0.29713,3000
0.29664,3000
0.29615,3000
0.29567,3000
0.29518,3000
0.29469,3000
0.2942,3000
0.29372,3000
0.29323,3000
0.29274,3000
0.29225,3000
0.29177,3000
0.29128,3000
0.29079,3000
0.2903,3000
0.28982,3000
0.28933,3000
0.28884,3000
0.28836,3000
0.28816,3000
0.28787,3000
0.28738,3000
0.28728,3000
0.28689,3000
0.28641,3000
0.28592,3000
0.28563,3000
0.28543,3000
0.28494,3000
0.28446,3000
0.28397,3000
0.28348,3000
0.28299,3000
0.28251,3000
0.28202,3000
0.28153,3000
0.28114,3000
0.28105,3000
0.28056,3000
0.28007,3000
0.27958,3000
0.2791,3000
0.27861,3000
0.27812,3000
0.27763,3000
0.27715,3000
0.27666,3000
0.27617,3000
0.27568,3000
0.27559,3000
0.2752,3000
0.27471,3000
0.27422,3000
0.27374,3000
0.27325,3000
0.27276,3000
0.27227,3000
0.27179,3000
0.2713,3000
0.27081,3000
0.27042,3000
0.27032,3000
0.26984,3000
0.26945,3000
0.26935,3000
0.26886,3000
0.26876,3000
0.26837,3000
0.26789,3000
0.2674,3000
0.26691,3000
0.26643,3000
0.26594,3000
0.26545,3000
0.26496,3000
0.26448,3000
0.26399,3000
0.2635,3000
0.26301,3000
0.26253,3000
0.26204,3000
0.26155,3000
0.26106,3000
0.26067,3000
0.26058,3000
0.26009,3000
0.2596,3000
0.25921,3000
0.25912,3000
0.25863,3000
0.25814,3000
0.25775,3000
0.25765,3000
0.25717,3000
0.25668,3000
0.25619,3000
0.2557,3000
0.25522,3000
0.25473,3000
0.25424,3000
0.25375,3000
0.25327,3000
0.25278,3000
0.25229,3000
0.25181,3000
0.25132,3000
0.25083,3000
0.25034,3000
0.24986,3000
0.24937,3000
0.24898,3000
0.24888,3000
0.24839,3000
0.24791,3000
0.24752,3000
0.24742,3000
0.24693,3000
0.24674,3000
0.24644,3000
0.24596,3000
0.24547,3000
0.24498,3000
0.2445,3000
0.24401,3000
0.24352,3000
0.24342,3000
0.24303,3000
0.24255,3000
0.24206,3000
0.24157,3000
0.24108,3000
0.24079,3000
0.2406,3000
0.24011,3000
0.23962,3000
0.23913,3000
0.23865,3000
0.23816,3000
0.23767,3000
0.23719,3000
0.2367,3000
0.23621,3000
0.23572,3000
0.23524,3000
0.23504,3000
0.23475,3000
0.23426,3000
0.23377,3000
0.23329,3000
0.2328,3000
0.23231,3000
0.23182,3000
0.23173,3000
0.23134,3000
0.23085,3000
0.23036,3000
0.23007,3000
0.22988,3000
0.22939,3000
0.2291,3000
0.2289,3000
0.22841,3000
0.22793,3000
0.22744,3000
0.22695,3000
0.22646,3000
0.22598,3000
0.22549,3000
0.225,3000
0.22452,3000
0.22403,3000
0.22354,3000
0.22305,3000
0.22257,3000
0.22208,3000
0.22159,3000
0.2211,3000
0.22062,3000
0.22013,3000
0.21964,3000
0.21915,3000
0.21867,3000
0.21818,3000
0.21769,3000
0.2174,3000
0.21721,3000
0.21672,3000
0.21623,3000
0.21574,3000
0.21526,3000
0.21477,3000
0.21428,3000
0.21379,3000
0.21331,3000
0.21282,3000
0.21233,3000
0.21184,3000
0.21136,3000
0.21087,3000
0.21038,3000
0.2099,3000
0.20941,3000
0.20892,3000
0.20873,3000
0.20843,3000
0.20795,3000
0.20746,3000
0.20697,3000
0.20668,3000
0.20648,3000
0.206,3000
0.20551,3000
0.20502,3000
0.20453,3000
0.20405,3000
0.20356,3000
0.20307,3000
0.20259,3000
0.2021,3000
0.20161,3000
0.20112,3000
0.20064,3000
0.20015,3000
0.19966,3000
0.19937,3000
0.19917,3000
0.19869,3000
0.1982,3000
0.19771,3000
0.19761,3000
0.19722,3000
0.19703,3000
0.19674,3000
0.19625,3000
0.19576,3000
0.19528,3000
0.19498,3000
0.19479,3000
0.1943,3000
0.19381,3000
0.19333,3000
0.19313,3000
0.19284,3000
0.19235,3000
0.19186,3000
0.19138,3000
0.19089,3000
0.19069,3000
0.1906,3000
0.1904,3000
0.18991,3000
0.18943,3000
0.18894,3000
0.18845,3000
0.18797,3000
0.18767,3000
0.18748,3000
0.18699,3000
0.1865,3000
0.18602,3000
0.18592,3000
0.18553,3000
0.18504,3000
0.18455,3000
0.18407,3000
0.18358,3000
0.18309,3000
0.1826,3000
0.18212,3000
0.18163,3000
0.18114,3000
0.18066,3000
0.18017,3000
0.17968,3000
0.17919,3000
0.179,3000
0.17871,3000
0.17822,3000
0.17773,3000
0.17724,3000
0.17676,3000
0.17627,3000
0.17578,3000
0.17529,3000
0.17481,3000
0.17432,3000
0.17422,3000
0.17383,3000
0.17335,3000
0.17296,3000
0.17286,3000
0.17237,3000
0.17188,3000
0.1714,3000
0.17091,3000
0.17042,3000
0.16993,3000
0.16945,3000
0.16896,3000
0.16847,3000
0.16798,3000
0.1675,3000
0.16701,3000
0.16652,3000
0.16604,3000
0.16555,3000
0.16506,3000
0.16457,3000
0.16409,3000
0.16399,3000
0.1636,3000
0.16311,3000
0.16262,3000
0.16214,3000
0.16165,3000
0.16116,3000
0.16067,3000
0.16019,3000
0.1597,3000
0.15921,3000
0.15873,3000
0.15824,3000
0.15775,3000
0.15726,3000
0.15678,3000
0.15629,3000
0.1558,3000
0.15561,3000
0.15531,3000
0.15483,3000
0.15434,3000
0.15385,3000
0.15336,3000
0.15288,3000
0.15278,3000
0.15239,3000
0.15229,3000
0.1519,3000
0.15142,3000
0.15093,3000
0.15044,3000
0.14995,3000
0.14947,3000
0.14898,3000
0.14849,3000
0.148,3000
0.14752,3000
0.14703,3000
0.14654,3000
0.14605,3000
0.14557,3000
0.14508,3000
0.14459,3000
0.14411,3000
0.14391,3000
0.14362,3000
0.14313,3000
0.14264,3000
0.14216,3000
0.14167,3000
0.14118,3000
0.14069,3000
0.1406,3000
0.1404,3000
0.14021,3000
0.13972,3000
0.13933,3000
0.13923,3000
0.13875,3000
0.13826,3000
0.13777,3000
0.13728,3000
0.1368,3000
0.13631,3000
0.13602,3000
0.13582,3000
0.13533,3000
0.13485,3000
0.13436,3000
0.13387,3000
0.13338,3000
0.1329,3000
0.13241,3000
0.13192,3000
0.13144,3000
0.13095,3000
0.13046,3000
0.12997,3000
0.12949,3000
0.129,3000
0.12871,3000
0.12851,3000
0.12802,3000
0.12763,3000
0.12754,3000
0.12705,3000
0.12656,3000
0.12607,3000
0.12559,3000
0.1251,3000
0.12461,3000
0.12432,3000
0.12413,3000
0.12364,3000
0.12315,3000
0.12266,3000
0.12218,3000
0.12169,3000
0.1212,3000
0.12071,3000
0.12052,3000
0.12023,3000
0.11974,3000
0.11925,3000
0.11876,3000
0.11828,3000
0.11779,3000
0.1173,3000
0.11682,3000
0.11633,3000
0.11613,3000
0.11594,3000
0.11584,3000
0.11535,3000
0.11487,3000
0.11438,3000
0.11389,3000
0.1134,3000
0.11292,3000
0.11243,3000
0.11194,3000
0.11145,3000
0.11097,3000
0.11048,3000
0.10999,3000
0.10951,3000
0.10902,3000
0.10853,3000
0.10804,3000
0.10756,3000
0.10707,3000
0.10658,3000
0.10609,3000
0.1057,3000
0.10561,3000
0.10512,3000
0.10463,3000
0.10444,3000
0.10424,3000
0.10414,3000
0.10366,3000
0.10317,3000
0.10268,3000
0.1022,3000
0.10171,3000
0.10122,3000
0.10073,3000
0.10025,3000
0.099759,-3000
0.099271,-3000
0.099631,-3000
0.09999,-3000
0.10035,-3000
0.10071,-3000
0.10107,-3000
0.10136,-3000
0.10143,-3000
0.10179,-3000
0.10215,-3000
0.10251,-3000
0.10287,-3000
0.10315,-3000
0.10323,-3000
0.10337,-3000
0.10358,-3000
0.10394,-3000
0.1043,-3000
0.10438,-3000
0.10466,-3000
0.10502,-3000
0.10538,-3000
0.10574,-3000
0.1061,-3000
0.10646,-3000
0.10675,-3000
0.10682,-3000
0.10718,-3000
0.10754,-3000
0.1079,-3000
0.10826,-3000
0.10862,-3000
0.10898,-3000
0.10934,-3000
0.1097,-3000
0.10998,-3000
0.11006,-3000
0.11041,-3000
0.11077,-3000
0.11113,-3000
0.11149,-3000
0.11185,-3000
0.112,-3000
0.11221,-3000
0.11257,-3000
0.11286,-3000
0.11293,-3000
0.113,-3000
0.11329,-3000
0.11365,-3000
0.11401,-3000
0.11437,-3000
0.11473,-3000
0.11509,-3000
0.11538,-3000
0.11545,-3000
0.11581,-3000
0.11617,-3000
0.11653,-3000
0.11688,-3000
0.11724,-3000
0.1176,-3000
0.11796,-3000
0.11832,-3000
0.11868,-3000
0.11904,-3000
0.1194,-3000
0.11976,-3000
0.12012,-3000
0.12048,-3000
0.12084,-3000
0.1212,-3000
0.12156,-3000
0.12163,-3000
0.12192,-3000
0.12228,-3000
0.12264,-3000
0.123,-3000
0.12336,-3000
0.12371,-3000
0.12407,-3000
0.12443,-3000
0.12479,-3000
0.12515,-3000
0.12551,-3000
0.12587,-3000
0.12623,-3000
0.12659,-3000
0.12695,-3000
0.12709,-3000
0.12731,-3000
0.12767,-3000
0.12803,-3000
0.12839,-3000
0.12875,-3000
0.12911,-3000
0.12947,-3000
0.12961,-3000
0.12983,-3000
0.13019,-3000
0.13054,-3000
0.1309,-3000
0.13126,-3000
0.13162,-3000
0.13191,-3000
0.13198,-3000
0.13234,-3000
0.1327,-3000
0.13306,-3000
0.13335,-3000
0.13342,-3000
0.13378,-3000
0.13414,-3000
0.1345,-3000
0.13486,-3000
0.13522,-3000
0.13529,-3000
0.13558,-3000
0.13572,-3000
0.13594,-3000
0.1363,-3000
0.13666,-3000
0.13701,-3000
0.13737,-3000
0.13773,-3000
0.13809,-3000
0.13824,-3000
0.13845,-3000
0.13881,-3000
0.13917,-3000
0.13953,-3000
0.13989,-3000
0.14025,-3000
0.14054,-3000
0.14061,-3000
0.14097,-3000
0.14133,-3000
0.14169,-3000
0.14198,-3000
0.14205,-3000
0.14241,-3000
0.14277,-3000
0.14305,-3000
0.14313,-3000
0.14349,-3000
0.14384,-3000
0.1442,-3000
0.14456,-3000
0.14492,-3000
0.14528,-3000
0.1455,-3000
0.14564,-3000
0.146,-3000
0.14636,-3000
0.14672,-3000
0.14686,-3000
0.14708,-3000
0.14744,-3000
0.1478,-3000
0.14816,-3000
0.14852,-3000
0.14888,-3000
0.14916,-3000
0.14924,-3000
0.1496,-3000
0.14996,-3000
0.15031,-3000
0.15046,-3000
0.15067,-3000
0.15103,-3000
0.15139,-3000
0.15168,-3000
0.15175,-3000
0.15211,-3000
0.15247,-3000
0.15283,-3000
0.15319,-3000
0.15355,-3000
0.15391,-3000
0.15413,-3000
0.15427,-3000
0.15463,-3000
0.15499,-3000
0.15535,-3000
0.15571,-3000
0.15607,-3000
0.15643,-3000
0.15679,-3000
0.15714,-3000
0.1575,-3000
0.15786,-3000
0.15822,-3000
0.15858,-3000
0.15894,-3000
0.15909,-3000
0.1593,-3000
0.15966,-3000
0.16002,-3000
0.16038,-3000
0.1606,-3000
0.16074,-3000
0.1611,-3000
0.16146,-3000
0.16182,-3000
0.16218,-3000
0.16254,-3000
0.16275,-3000
0.16282,-3000
0.1629,-3000
0.16326,-3000
0.16362,-3000
0.16397,-3000
0.16433,-3000
0.16469,-3000
0.16505,-3000
0.16541,-3000
0.16577,-3000
0.16599,-3000
0.16613,-3000
0.16649,-3000
0.16685,-3000
0.16721,-3000
0.16757,-3000
0.16793,-3000
0.16829,-3000
0.16865,-3000
0.16901,-3000
0.16937,-3000
0.16973,-3000
0.17009,-3000
0.17044,-3000
0.1708,-3000
0.17116,-3000
0.17145,-3000
0.17152,-3000
0.17188,-3000
0.17224,-3000
0.1726,-3000
0.17296,-3000
0.17332,-3000
0.17368,-3000
0.17404,-3000
0.1744,-3000
0.17461,-3000
0.17476,-3000
0.17512,-3000
0.17548,-3000
0.17584,-3000
0.1762,-3000
0.17656,-3000
0.17692,-3000
0.17727,-3000
0.17763,-3000
0.17799,-3000
0.17821,-3000
0.17835,-3000
0.17871,-3000
0.17907,-3000
0.17943,-3000
0.17979,-3000
0.18015,-3000
0.18051,-3000
0.1808,-3000
0.18087,-3000
0.18123,-3000
0.18159,-3000
0.1818,-3000
0.18195,-3000
0.18231,-3000
0.18238,-3000
0.18267,-3000
0.18303,-3000
0.18317,-3000
0.18339,-3000
0.18374,-3000
0.1841,-3000
0.18446,-3000
0.18482,-3000
0.18511,-3000
0.18518,-3000
0.18554,-3000
0.1859,-3000
0.18626,-3000
0.18662,-3000
0.18684,-3000
0.18698,-3000
0.18734,-3000
0.1877,-3000
0.18806,-3000
0.18842,-3000
0.18878,-3000
0.18914,-3000
0.18942,-3000
0.1895,-3000
0.18986,-3000
0.19022,-3000
0.19043,-3000
0.19057,-3000
0.19093,-3000
0.19101,-3000
0.19129,-3000
0.19165,-3000
0.1918,-3000
0.19201,-3000
0.19237,-3000
0.19273,-3000
0.19309,-3000
0.19345,-3000
0.19381,-3000
0.19417,-3000
0.19453,-3000
0.19489,-3000
0.19525,-3000
0.19561,-3000
0.19597,-3000
0.19633,-3000
0.19669,-3000
0.19705,-3000
0.1974,-3000
0.19776,-3000
0.19812,-3000
0.19848,-3000
0.19884,-3000
0.19906,-3000
0.1992,-3000
0.19956,-3000
0.19992,-3000
0.20028,-3000
0.20057,-3000
0.20064,-3000
0.201,-3000
0.20136,-3000
0.20172,-3000
0.20193,-3000
0.20208,-3000
0.20244,-3000
0.2028,-3000
0.20294,-3000
0.20316,-3000
0.20352,-3000
0.20387,-3000
0.20423,-3000
0.20459,-3000
0.20495,-3000
0.20531,-3000
0.20567,-3000
0.20603,-3000
0.20639,-3000
0.20675,-3000
0.20711,-3000
0.20747,-3000
0.20783,-3000
0.20819,-3000
0.20855,-3000
0.20891,-3000
0.20919,-3000
0.20927,-3000
0.20963,-3000
0.20999,-3000
0.21035,-3000
0.21056,-3000
0.2107,-3000
0.21106,-3000
0.21142,-3000
0.21157,-3000
0.21178,-3000
0.21214,-3000
0.2125,-3000
0.21286,-3000
0.21322,-3000
0.21358,-3000
0.21394,-3000
0.2143,-3000
0.21466,-3000
0.21502,-3000
0.21538,-3000
0.21574,-3000
0.2161,-3000
0.21646,-3000
0.21682,-3000
0.21717,-3000
0.21753,-3000
0.21789,-3000
0.21825,-3000
0.21861,-3000
0.21876,-3000
0.21897,-3000
0.21933,-3000
0.21969,-3000
0.22005,-3000
0.22041,-3000
0.22077,-3000
0.22113,-3000
0.22149,-3000
0.22185,-3000
0.22221,-3000
0.22257,-3000
0.22293,-3000
0.22329,-3000
0.22365,-3000
0.224,-3000
0.22436,-3000
0.22472,-3000
0.22508,-3000
0.22544,-3000
0.22559,-3000
0.2258,-3000
0.22616,-3000
0.22652,-3000
0.22688,-3000
0.22724,-3000
0.2276,-3000
0.22796,-3000
0.22832,-3000
0.22868,-3000
0.22904,-3000
0.2294,-3000
0.22976,-3000
0.23012,-3000
0.23048,-3000
0.23083,-3000
0.23119,-3000
0.23155,-3000
0.23191,-3000
0.23227,-3000
0.23263,-3000
0.23299,-3000
0.23335,-3000
0.23371,-3000
0.23385,-3000
0.23407,-3000
0.23421,-3000
0.23443,-3000
0.23472,-3000
0.23479,-3000
0.23515,-3000
0.23551,-3000
0.23587,-3000
0.23623,-3000
0.23659,-3000
0.23695,-3000
0.2373,-3000
0.23745,-3000
0.23766,-3000
0.23802,-3000
0.23838,-3000
0.23874,-3000
0.2391,-3000
0.23946,-3000
0.23982,-3000
0.24018,-3000
0.24054,-3000
0.2409,-3000
0.24126,-3000
0.24162,-3000
0.24198,-3000
0.24234,-3000
0.2427,-3000
0.24306,-3000
0.24334,-3000
0.24342,-3000
0.24378,-3000
0.24413,-3000
0.24449,-3000
0.24485,-3000
0.24521,-3000
0.24557,-3000
0.24593,-3000
0.24608,-3000
0.24629,-3000
0.24665,-3000
0.24701,-3000
0.24737,-3000
0.24773,-3000
0.24809,-3000
0.24845,-3000
0.24866,-3000
0.24881,-3000
0.24917,-3000
0.24953,-3000
0.24989,-3000
0.25025,-3000
0.2506,-3000
0.25096,-3000
0.25132,-3000
0.25168,-3000
0.25176,-3000
0.25204,-3000
0.2524,-3000
0.25276,-3000
0.25312,-3000
0.25348,-3000
0.25384,-3000
0.2542,-3000
0.25456,-3000
0.25492,-3000
0.25528,-3000
0.25564,-3000
0.256,-3000
0.25636,-3000
0.25672,-3000
0.25693,-3000
0.25708,-3000
0.25729,-3000
0.25743,-3000
0.25779,-3000
0.25794,-3000
0.25801,-3000
0.25815,-3000
0.25851,-3000
0.25887,-3000
0.25909,-3000
0.25923,-3000
0.25959,-3000
0.25995,-3000
0.26017,-3000
0.26031,-3000
0.26038,-3000
0.26067,-3000
0.26103,-3000
0.26125,-3000
0.26139,-3000
0.26175,-3000
0.26211,-3000
0.26247,-3000
0.26283,-3000
0.26319,-3000
0.26355,-3000
0.26391,-3000
0.26426,-3000
0.26462,-3000
0.26498,-3000
0.26534,-3000
0.26556,-3000
0.2657,-3000
0.26606,-3000
0.26642,-3000
0.26657,-3000
0.26664,-3000
0.26678,-3000
0.26714,-3000
0.2675,-3000
0.26786,-3000
0.26822,-3000
0.26858,-3000
0.26894,-3000
0.2693,-3000
0.26966,-3000
0.27002,-3000
0.27038,-3000
0.27073,-3000
0.27109,-3000
0.27145,-3000
0.2716,-3000
0.27181,-3000
0.27217,-3000
0.27253,-3000
0.27289,-3000
0.27325,-3000
0.27361,-3000
0.27397,-3000
0.27433,-3000
0.27469,-3000
0.27505,-3000
0.27541,-3000
0.27577,-3000
0.27613,-3000
0.27649,-3000
0.27685,-3000
0.27721,-3000
0.27756,-3000
0.27792,-3000
0.27828,-3000
0.27864,-3000
0.27871,-3000
0.279,-3000
0.27936,-3000
0.27972,-3000
0.28008,-3000
0.28022,-3000
0.28044,-3000
0.2808,-3000
0.28102,-3000
0.28116,-3000
0.2813,-3000
0.28152,-3000
0.28188,-3000
0.28209,-3000
0.28224,-3000
0.2826,-3000
0.28296,-3000
0.28332,-3000
0.28368,-3000
0.28403,-3000
0.28439,-3000
0.28475,-3000
0.28511,-3000
0.28547,-3000
0.28583,-3000
0.28619,-3000
0.28655,-3000
0.28691,-3000
0.28727,-3000
0.28734,-3000
0.28763,-3000
0.28799,-3000
0.28835,-3000
0.28871,-3000
0.28907,-3000
0.28943,-3000
0.28979,-3000
0.28993,-3000
0.29015,-3000
0.29029,-3000
0.29051,-3000
0.29072,-3000
0.29086,-3000
0.29122,-3000
0.29158,-3000
0.29194,-3000
0.2923,-3000
0.29266,-3000
0.29302,-3000
0.29338,-3000
0.29374,-3000
0.2941,-3000
0.29446,-3000
0.29453,-3000
0.29482,-3000
0.29518,-3000
0.29554,-3000
0.2959,-3000
0.29626,-3000
0.29662,-3000
0.29698,-3000
0.29734,-3000
0.29769,-3000
0.29805,-3000
0.29841,-3000
0.29877,-3000
0.29892,-3000
0.29913,-3000
0.29949,-3000
0.29985,-3000
0.30021,-3000
0.30057,-3000
0.30064,-3000
0.30093,-3000
0.30129,-3000
0.30165,-3000
0.30186,-3000
0.30201,-3000
0.30237,-3000
0.30273,-3000
0.30309,-3000
0.30316,-3000
0.30345,-3000
0.30373,-3000
0.30381,-3000
0.30416,-3000
0.30431,-3000
0.30452,-3000
0.30488,-3000
0.30524,-3000
0.3056,-3000
0.30596,-3000
0.30632,-3000
0.30668,-3000
0.30704,-3000
0.3074,-3000
0.30776,-3000
0.30812,-3000
0.30848,-3000
0.30884,-3000
0.3092,-3000
0.30927,-3000
0.30956,-3000
0.30992,-3000
0.3102,-3000
0.31028,-3000
0.31049,-3000
0.31064,-3000
0.31099,-3000
0.31135,-3000
0.31171,-3000
0.31207,-3000
0.31243,-3000
0.31279,-3000
0.31294,-3000
0.31315,-3000
0.31351,-3000
0.31387,-3000
0.31423,-3000
0.31459,-3000
0.31495,-3000
0.31531,-3000
0.31567,-3000
0.31603,-3000
0.31639,-3000
0.31675,-3000
0.31711,-3000
0.31718,-3000
0.31746,-3000
0.31782,-3000
0.31818,-3000
0.31854,-3000
0.31883,-3000
0.3189,-3000
0.31926,-3000
0.31962,-3000
0.31998,-3000
0.32034,-3000
0.3207,-3000
0.32106,-3000
0.32142,-3000
0.32178,-3000
0.32214,-3000
0.3225,-3000
0.32286,-3000
0.32314,-3000
0.32322,-3000
0.32358,-3000
0.32394,-3000
0.32429,-3000
0.32465,-3000
0.32501,-3000
0.32537,-3000
0.32573,-3000
0.3258,-3000
0.32609,-3000
0.32645,-3000
0.32652,-3000
0.32681,-3000
0.32703,-3000
0.32717,-3000
0.32753,-3000
0.32789,-3000
0.32825,-3000
0.32861,-3000
0.32897,-3000
0.32933,-3000
0.32969,-3000
0.33005,-3000
0.33041,-3000
0.33077,-3000
0.33112,-3000
0.33148,-3000
0.33177,-3000
0.33184,-3000
0.3322,-3000
0.33256,-3000
0.33292,-3000
0.33328,-3000
0.3335,-3000
0.33364,-3000
0.334,-3000
0.33436,-3000
0.33472,-3000
0.33493,-3000
0.33508,-3000
0.33544,-3000
0.33565,-3000
0.3358,-3000
0.33616,-3000
0.33652,-3000
0.33688,-3000
0.33724,-3000
0.33759,-3000
0.33795,-3000
0.33831,-3000
0.33867,-3000
0.33903,-3000
0.33939,-3000
0.33968,-3000
0.33975,-3000
0.34011,-3000
0.3404,-3000
0.34047,-3000
0.34083,-3000
0.34119,-3000
0.34155,-3000
0.34191,-3000
0.34205,-3000
0.34212,-3000
0.34227,-3000
0.34263,-3000
0.34299,-3000
0.34335,-3000
0.34356,-3000
0.34371,-3000
0.34407,-3000
0.34442,-3000
0.34478,-3000
0.34514,-3000
0.3455,-3000
0.34586,-3000
0.34622,-3000
0.34658,-3000
0.34694,-3000
0.34723,-3000
0.3473,-3000
0.34766,-3000
0.34802,-3000
0.34831,-3000
0.34838,-3000
0.34874,-3000
0.34895,-3000
0.3491,-3000
0.34946,-3000
0.34967,-3000
0.34982,-3000
0.35018,-3000
0.35054,-3000
0.35068,-3000
0.35089,-3000
0.35125,-3000
0.35161,-3000
0.35197,-3000
0.35233,-3000
0.35269,-3000
0.35305,-3000
0.35341,-3000
0.35377,-3000
0.35413,-3000
0.35449,-3000
0.35485,-3000
0.35521,-3000
0.35557,-3000
0.35586,-3000
0.35593,-3000
0.35629,-3000
0.35665,-3000
0.35701,-3000
0.35737,-3000
0.35758,-3000
0.35772,-3000
0.35808,-3000
0.3583,-3000
0.35844,-3000
0.3588,-3000
0.35916,-3000
0.35952,-3000
0.35988,-3000
0.36024,-3000
0.3606,-3000
0.36096,-3000
0.36132,-3000
0.36168,-3000
0.36197,-3000
0.36204,-3000
0.3624,-3000
0.36276,-3000
0.36312,-3000
0.36348,-3000
0.36384,-3000
0.3642,-3000
0.36455,-3000
0.36491,-3000
0.36527,-3000
0.36563,-3000
0.36599,-3000
0.36635,-3000
0.36671,-3000
0.36707,-3000
0.36743,-3000
0.36765,-3000
0.36779,-3000
0.36801,-3000
0.36815,-3000
0.36851,-3000
0.36887,-3000
0.36923,-3000
0.36959,-3000
0.36995,-3000
0.37031,-3000
0.37059,-3000
0.37067,-3000
0.37102,-3000
0.37138,-3000
0.37146,-3000
0.37174,-3000
0.3721,-3000
0.37225,-3000
0.37246,-3000
0.37282,-3000
0.37318,-3000
0.37347,-3000
0.37354,-3000
0.3739,-3000
0.37426,-3000
0.37462,-3000
0.37498,-3000
0.37534,-3000
0.3757,-3000
0.37606,-3000
0.37627,-3000
0.37642,-3000
0.37663,-3000
0.37678,-3000
0.37714,-3000
0.3775,-3000
0.37785,-3000
0.37821,-3000
0.37857,-3000
0.37893,-3000
0.37929,-3000
0.37965,-3000
0.38001,-3000
0.38037,-3000
0.38073,-3000
0.38087,-3000
0.38109,-3000
0.38145,-3000
0.38181,-3000
0.3821,-3000
0.38217,-3000
0.38253,-3000
0.38289,-3000
0.38325,-3000
0.38361,-3000
0.38397,-3000
0.38432,-3000
0.38468,-3000
0.38504,-3000
0.38526,-3000
0.3854,-3000
0.38576,-3000
0.38612,-3000
0.38648,-3000
0.38684,-3000
0.3872,-3000
0.38756,-3000
0.38792,-3000
0.38828,-3000
0.38864,-3000
0.389,-3000
0.38936,-3000
0.38972,-3000
0.39008,-3000
0.39044,-3000
0.3908,-3000
0.39115,-3000
0.39151,-3000
0.39187,-3000
0.39223,-3000
0.39259,-3000
0.39295,-3000
0.39331,-3000
0.39367,-3000
0.39403,-3000
0.39439,-3000
0.39461,-3000
0.39475,-3000
0.39511,-3000
0.39547,-3000
0.39583,-3000
0.39619,-3000
0.39655,-3000
0.39691,-3000
0.39727,-3000
0.39763,-3000
0.39798,-3000
0.39834,-3000
0.3987,-3000
0.39906,-3000
0.39942,-3000
0.39978,-3000
0.4,-3000
0.40014,-3000
0.4005,-3000
0.40086,-3000
0.40122,-3000
0.40158,-3000
0.40194,-3000
0.4023,-3000
0.40266,-3000
0.40302,-3000
0.40323,-3000
0.40338,-3000
0.40374,-3000
0.4041,-3000
0.40445,-3000
0.40481,-3000
0.40517,-3000
0.40553,-3000
0.40589,-3000
0.40625,-3000
0.4064,-3000
0.40661,-3000
0.40697,-3000
0.40733,-3000
0.40747,-3000
0.40769,-3000
0.40805,-3000
0.40841,-3000
0.40862,-3000
0.40877,-3000
0.40913,-3000
0.40949,-3000
0.40985,-3000
0.41021,-3000
0.41057,-3000
0.41093,-3000
0.41128,-3000
0.41164,-3000
0.41193,-3000
0.412,-3000
0.41236,-3000
0.41272,-3000
0.41308,-3000
0.41344,-3000
0.41373,-3000
0.4138,-3000
0.41416,-3000
0.41452,-3000
0.41488,-3000
0.41502,-3000
0.41524,-3000
0.41538,-3000
0.4156,-3000
0.41596,-3000
0.4161,-3000
0.41632,-3000
0.41668,-3000
0.41689,-3000
0.41704,-3000
0.4174,-3000
0.41775,-3000
0.41811,-3000
0.41847,-3000
0.41869,-3000
0.41883,-3000
0.41919,-3000
0.41941,-3000
0.41955,-3000
0.41991,-3000
0.42027,-3000
0.42056,-3000
0.42063,-3000
0.42099,-3000
0.42135,-3000
0.42171,-3000
0.42207,-3000
0.42236,-3000
0.42243,-3000
0.42279,-3000
0.42315,-3000
0.42351,-3000
0.42387,-3000
0.42423,-3000
0.42458,-3000
0.42494,-3000
0.4253,-3000
0.42552,-3000
0.42566,-3000
0.42602,-3000
0.42638,-3000
0.42674,-3000
0.4271,-3000
0.42732,-3000
0.42746,-3000
0.42782,-3000
0.42818,-3000
0.42847,-3000
0.42854,-3000
0.4289,-3000
0.42919,-3000
0.42926,-3000
0.42962,-3000
0.42998,-3000
0.43034,-3000
0.4307,-3000
0.43105,-3000
0.43141,-3000
0.43177,-3000
0.43213,-3000
0.43228,-3000
0.43249,-3000
0.43285,-3000
0.43321,-3000
0.43357,-3000
0.43393,-3000
0.43429,-3000
0.43465,-3000
0.43501,-3000
0.43537,-3000
0.43573,-3000
0.43609,-3000
0.43645,-3000
0.43681,-3000
0.43709,-3000
0.43717,-3000
0.43753,-3000
0.43788,-3000
0.43824,-3000
0.4386,-3000
0.43896,-3000
0.43918,-3000
0.43932,-3000
0.43968,-3000
0.44004,-3000
0.4404,-3000
0.44076,-3000
0.4409,-3000
0.44112,-3000
0.44148,-3000
0.44184,-3000
0.4422,-3000
0.44256,-3000
0.44292,-3000
0.44306,-3000
0.44328,-3000
0.44364,-3000
0.444,-3000
0.44436,-3000
0.44471,-3000
0.44507,-3000
0.44543,-3000
0.44558,-3000
0.44579,-3000
0.44615,-3000
0.44651,-3000
0.44687,-3000
0.44702,-3000
0.44723,-3000
0.44759,-3000
0.44781,-3000
0.44795,-3000
0.44831,-3000
0.44867,-3000
0.44903,-3000
0.44939,-3000
0.44975,-3000
0.45011,-3000
0.45047,-3000
0.45054,-3000
0.45083,-3000
0.45118,-3000
0.45154,-3000
0.45169,-3000
0.4519,-3000
0.45226,-3000
0.45262,-3000
0.45298,-3000
0.45334,-3000
0.4537,-3000
0.45406,-3000
0.4542,-3000
0.45442,-3000
0.45478,-3000
0.45514,-3000
0.45528,-3000
0.4555,-3000
0.45564,-3000
0.45586,-3000
0.45622,-3000
0.45658,-3000
0.45694,-3000
0.4573,-3000
0.45766,-3000
0.45801,-3000
0.45837,-3000
0.45873,-3000
0.45909,-3000
0.45916,-3000
0.45945,-3000
0.45981,-3000
0.46017,-3000
0.46053,-3000
0.46089,-3000
0.46125,-3000
0.46139,-3000
0.46161,-3000
0.46197,-3000
0.46233,-3000
0.46269,-3000
0.46305,-3000
0.46341,-3000
0.46377,-3000
0.46391,-3000
0.46413,-3000
0.46427,-3000
0.46448,-3000
0.46456,-3000
0.46484,-3000
0.4652,-3000
0.46556,-3000
0.46592,-3000
0.46628,-3000
0.46664,-3000
0.467,-3000
0.46736,-3000
0.46772,-3000
0.46808,-3000
0.46844,-3000
0.4688,-3000
0.46916,-3000
0.46952,-3000
0.46988,-3000
0.47002,-3000
0.47024,-3000
0.4706,-3000
0.47096,-3000
0.47131,-3000
0.47167,-3000
0.47203,-3000
0.47239,-3000
0.47254,-3000
0.47275,-3000
0.4729,-3000
0.47311,-3000
0.47318,-3000
0.47347,-3000
0.47383,-3000
0.47419,-3000
0.47455,-3000
0.47491,-3000
0.47527,-3000
0.47563,-3000
0.47599,-3000
0.47635,-3000
0.47671,-3000
0.47707,-3000
0.47743,-3000
0.47757,-3000
0.47779,-3000
0.47814,-3000
0.4785,-3000
0.47886,-3000
0.47922,-3000
0.47958,-3000
0.47994,-3000
0.4803,-3000
0.48066,-3000
0.48102,-3000
0.48116,-3000
0.48138,-3000
0.48174,-3000
0.4821,-3000
0.48246,-3000
0.48282,-3000
0.48318,-3000
0.48354,-3000
0.4839,-3000
0.48426,-3000
0.48461,-3000
0.48497,-3000
0.48533,-3000
0.48569,-3000
0.48605,-3000
0.48641,-3000
0.48677,-3000
0.48713,-3000
0.48749,-3000
0.48785,-3000
0.48821,-3000
0.48857,-3000
0.48893,-3000
0.48929,-3000
0.48965,-3000
0.49001,-3000
0.49037,-3000
0.49073,-3000
0.49109,-3000
0.49144,-3000
0.4918,-3000
0.49216,-3000
0.49252,-3000
0.49288,-3000
0.49324,-3000
0.4936,-3000
0.49396,-3000
0.49432,-3000
0.49446,-3000
0.49468,-3000
0.49504,-3000
0.4954,-3000
0.49576,-3000
0.49612,-3000
0.49648,-3000
0.49684,-3000
0.4972,-3000
0.49756,-3000
0.49791,-3000
0.49799,-3000
0.49827,-3000
0.49863,-3000
0.49899,-3000
0.49935,-3000
0.49971,-3000
0.50007,-3000
0.50043,-3000
0.50079,-3000
0.50115,-3000
0.50144,-3000
0.50151,-3000
0.50187,-3000
0.50223,-3000
0.50259,-3000
0.50295,-3000
0.50309,-3000
0.50331,-3000
0.50367,-3000
0.50403,-3000
0.50439,-3000
0.50474,-3000
0.5051,-3000
0.50546,-3000
0.50582,-3000
0.50618,-3000
0.50654,-3000
0.50661,-3000
0.5069,-3000
0.50726,-3000
0.50762,-3000
0.50798,-3000
0.50834,-3000
0.5087,-3000
0.50906,-3000
0.50942,-3000
0.50978,-3000
0.51006,-3000
0.51014,-3000
0.5105,-3000
0.51086,-3000
0.51122,-3000
0.51143,-3000
0.51157,-3000
0.51193,-3000
0.51229,-3000
0.51265,-3000
0.51301,-3000
0.51337,-3000
0.51373,-3000
0.51409,-3000
0.51431,-3000
0.51445,-3000
0.51481,-3000
0.51517,-3000
0.51524,-3000
0.51553,-3000
0.51589,-3000
0.51625,-3000
0.51654,-3000
0.51661,-3000
0.51697,-3000
0.51711,-3000
0.51733,-3000
0.51769,-3000
0.51804,-3000
0.5184,-3000
0.51869,-3000
0.51876,-3000
0.51912,-3000
0.51948,-3000
0.51984,-3000
0.52006,-3000
0.5202,-3000
0.52056,-3000
0.52092,-3000
0.52128,-3000
0.52164,-3000
0.522,-3000
0.52236,-3000
0.52272,-3000
0.52293,-3000
0.52308,-3000
0.52344,-3000
0.5238,-3000
0.52416,-3000
0.52452,-3000
0.52487,-3000
0.52516,-3000
0.52523,-3000
0.52559,-3000
0.52574,-3000
0.52595,-3000
0.52631,-3000
0.52667,-3000
0.52703,-3000
0.52739,-3000
0.52775,-3000
0.52797,-3000
0.52811,-3000
0.52847,-3000
0.52883,-3000
0.52919,-3000
0.52955,-3000
0.52991,-3000
0.53027,-3000
0.53063,-3000
0.53099,-3000
0.53134,-3000
0.5317,-3000
0.53206,-3000
0.53214,-3000
0.53242,-3000
0.53278,-3000
0.53314,-3000
0.5335,-3000
0.53386,-3000
0.53422,-3000
0.53458,-3000
0.53494,-3000
0.5353,-3000
0.53566,-3000
0.53602,-3000
0.53638,-3000
0.53659,-3000
0.53674,-3000
0.5371,-3000
0.53746,-3000
0.53782,-3000
0.53817,-3000
0.53846,-3000
0.53853,-3000
0.53889,-3000
0.53925,-3000
0.53961,-3000
0.5399,-3000
0.53997,-3000
0.54033,-3000
0.54069,-3000
0.54076,-3000
0.54105,-3000
0.54141,-3000
0.5417,-3000
0.54177,-3000
0.54213,-3000
0.54249,-3000
0.54285,-3000
0.54321,-3000
0.54335,-3000
0.54357,-3000
0.54393,-3000
0.54429,-3000
0.54465,-3000
0.545,-3000
0.54536,-3000
0.54572,-3000
0.54608,-3000
0.54644,-3000
0.5468,-3000
0.54709,-3000
0.54716,-3000
0.54752,-3000
0.54788,-3000
0.54824,-3000
0.54853,-3000
0.5486,-3000
0.54896,-3000
0.54932,-3000
0.54968,-3000
0.54989,-3000
0.55004,-3000
0.55032,-3000
0.5504,-3000
0.55076,-3000
0.55112,-3000
0.55147,-3000
0.55183,-3000
0.55219,-3000
0.55255,-3000
0.55291,-3000
0.55327,-3000
0.55349,-3000
0.55363,-3000
0.55399,-3000
0.55435,-3000
0.55471,-3000
0.55507,-3000
0.55543,-3000
0.55579,-3000
0.55615,-3000
0.55651,-3000
0.55687,-3000
0.55715,-3000
0.55723,-3000
0.55759,-3000
0.55795,-3000
0.5583,-3000
0.55852,-3000
0.55866,-3000
0.55902,-3000
0.55938,-3000
0.55974,-3000
0.55989,-3000
0.5601,-3000
0.56039,-3000
0.56046,-3000
0.56082,-3000
0.56118,-3000
0.56154,-3000
0.5619,-3000
0.56211,-3000
0.56226,-3000
0.56255,-3000
0.56262,-3000
0.56298,-3000
0.56334,-3000
0.5637,-3000
0.56391,-3000
0.56406,-3000
0.56442,-3000
0.56477,-3000
0.56513,-3000
0.56549,-3000
0.56585,-3000
0.56621,-3000
0.56657,-3000
0.56693,-3000
0.56729,-3000
0.56765,-3000
0.56801,-3000
0.56837,-3000
0.56851,-3000
0.56873,-3000
0.56902,-3000
0.56909,-3000
0.56945,-3000
0.56981,-3000
0.57017,-3000
0.57053,-3000
0.57089,-3000
0.57125,-3000
0.5716,-3000
0.57196,-3000
0.57218,-3000
0.57232,-3000
0.57254,-3000
0.57268,-3000
0.57304,-3000
0.5734,-3000
0.57376,-3000
0.57412,-3000
0.57448,-3000
0.57484,-3000
0.5752,-3000
0.57556,-3000
0.57563,-3000
0.57592,-3000
0.57628,-3000
0.57664,-3000
0.577,-3000
0.57736,-3000
0.57772,-3000
0.57779,-3000
0.57808,-3000
0.57843,-3000
0.57879,-3000
0.57915,-3000
0.57951,-3000
0.57987,-3000
0.58023,-3000
0.58059,-3000
0.58081,-3000
0.58095,-3000
0.58131,-3000
0.58145,-3000
0.58167,-3000
0.58203,-3000
0.58239,-3000
0.58253,-3000
0.58275,-3000
0.58311,-3000
0.58347,-3000
0.58383,-3000
0.58419,-3000
0.58426,-3000
0.58455,-3000
0.5849,-3000
0.58526,-3000
0.58562,-3000
0.58598,-3000
0.58634,-3000
0.58641,-3000
0.5867,-3000
0.58706,-3000
0.58742,-3000
0.58778,-3000
0.58814,-3000
0.5885,-3000
0.58879,-3000
0.58886,-3000
0.58922,-3000
0.58958,-3000
0.58994,-3000
0.59008,-3000
0.5903,-3000
0.59066,-3000
0.59087,-3000
0.59102,-3000
0.59116,-3000
0.59138,-3000
0.59173,-3000
0.59209,-3000
0.59245,-3000
0.59281,-3000
0.59317,-3000
0.59353,-3000
0.59389,-3000
0.59425,-3000
0.59461,-3000
0.59497,-3000
0.59533,-3000
0.59569,-3000
0.59605,-3000
0.59641,-3000
0.59677,-3000
0.59713,-3000
0.59741,-3000
0.59749,-3000
0.59785,-3000
0.5982,-3000
0.59856,-3000
0.59871,-3000
0.59892,-3000
0.59928,-3000
0.5995,-3000
0.59964,-3000
0.6,-3000
0.60036,-3000
0.60072,-3000
0.60108,-3000
0.60144,-3000
0.6018,-3000
0.60216,-3000
0.60252,-3000
0.60288,-3000
0.60324,-3000
0.6036,-3000
0.60396,-3000
0.60432,-3000
0.60453,-3000
0.60468,-3000
0.60503,-3000
0.60539,-3000
0.60575,-3000
0.60611,-3000
0.60647,-3000
0.60683,-3000
0.60719,-3000
0.60755,-3000
0.60769,-3000
0.60791,-3000
0.60827,-3000
0.60863,-3000
0.60899,-3000
0.60935,-3000
0.60971,-3000
0.61007,-3000
0.61043,-3000
0.61079,-3000
0.61115,-3000
0.61151,-3000
0.61186,-3000
0.61222,-3000
0.61258,-3000
0.61294,-3000
0.61316,-3000
0.6133,-3000
0.61337,-3000
0.61366,-3000
0.61402,-3000
0.61438,-3000
0.61474,-3000
0.6151,-3000
0.61546,-3000
0.61582,-3000
0.61618,-3000
0.61632,-3000
0.61639,-3000
0.61654,-3000
0.6169,-3000
0.61726,-3000
0.61762,-3000
0.61798,-3000
0.61833,-3000
0.61869,-3000
0.61905,-3000
0.61941,-3000
0.61977,-3000
0.62013,-3000
0.62049,-3000
0.62085,-3000
0.62121,-3000
0.62157,-3000
0.62193,-3000
0.622,-3000
0.62229,-3000
0.62243,-3000
0.62265,-3000
0.62301,-3000
0.6233,-3000
0.62337,-3000
0.62373,-3000
0.62409,-3000
0.62445,-3000
0.62481,-3000
0.62502,-3000
0.62516,-3000
0.62552,-3000
0.62588,-3000
0.62624,-3000
0.6266,-3000
0.62696,-3000
0.62732,-3000
0.62768,-3000
0.62804,-3000
0.6284,-3000
0.62876,-3000
0.62912,-3000
0.62948,-3000
0.62984,-3000
0.6302,-3000
0.63056,-3000
0.63092,-3000
0.63106,-3000
0.63128,-3000
0.63163,-3000
0.63192,-3000
0.63199,-3000
0.63235,-3000
0.63271,-3000
0.63307,-3000
0.63343,-3000
0.63379,-3000
0.63415,-3000
0.63451,-3000
0.63487,-3000
0.63523,-3000
0.63559,-3000
0.63595,-3000
0.63631,-3000
0.63667,-3000
0.63703,-3000
0.63739,-3000
0.63775,-3000
0.63811,-3000
0.63825,-3000
0.63846,-3000
0.63882,-3000
0.63918,-3000
0.63954,-3000
0.63969,-3000
0.63976,-3000
0.6399,-3000
0.64026,-3000
0.64062,-3000
0.64098,-3000
0.64134,-3000
0.6417,-3000
0.64206,-3000
0.64242,-3000
0.64278,-3000
0.64314,-3000
0.6435,-3000
0.64386,-3000
0.64422,-3000
0.64458,-3000
0.64494,-3000
0.64529,-3000
0.64565,-3000
0.64594,-3000
0.64601,-3000
0.64637,-3000
0.64673,-3000
0.64688,-3000
0.64709,-3000
0.64745,-3000
0.64781,-3000
0.64817,-3000
0.64839,-3000
0.64853,-3000
0.64889,-3000
0.64925,-3000
0.64961,-3000
0.64997,-3000
0.65033,-3000
0.65069,-3000
0.65105,-3000
0.65141,-3000
0.65176,-3000
0.65212,-3000
0.65248,-3000
0.65284,-3000
0.6532,-3000
0.65356,-3000
0.65392,-3000
0.65428,-3000
0.65457,-3000
0.65464,-3000
0.655,-3000
0.65536,-3000
0.65558,-3000
0.65572,-3000
0.65608,-3000
0.65644,-3000
0.6568,-3000
0.65701,-3000
0.65716,-3000
0.65752,-3000
0.65788,-3000
0.65824,-3000
0.65859,-3000
0.65895,-3000
0.65931,-3000
0.65967,-3000
0.66003,-3000
0.66039,-3000
0.66068,-3000
0.66075,-3000
0.66111,-3000
0.66147,-3000
0.66183,-3000
0.66219,-3000
0.66255,-3000
0.66269,-3000
0.66291,-3000
0.66312,-3000
0.66327,-3000
0.66363,-3000
0.66399,-3000
0.6642,-3000
0.66435,-3000
0.66471,-3000
0.66506,-3000
0.66542,-3000
0.66578,-3000
0.66614,-3000
0.6665,-3000
0.66665,-3000
0.66686,-3000
0.66722,-3000
0.66758,-3000
0.66794,-3000
0.6683,-3000
0.66866,-3000
0.6688,-3000
0.66902,-3000
0.66931,-3000
0.66938,-3000
0.66974,-3000
0.6701,-3000
0.67046,-3000
0.67082,-3000
0.67118,-3000
0.67132,-3000
0.67154,-3000
0.67175,-3000
0.67182,-3000
0.67189,-3000
0.67225,-3000
0.67261,-3000
0.67297,-3000
0.67333,-3000
0.67369,-3000
0.67405,-3000
0.67441,-3000
0.67477,-3000
0.67513,-3000
0.67549,-3000
0.67585,-3000
0.67621,-3000
0.67657,-3000
0.67693,-3000
0.67729,-3000
0.67743,-3000
0.67765,-3000
0.67801,-3000
0.67822,-3000
0.67837,-3000
0.67872,-3000
0.67908,-3000
0.67944,-3000
0.6798,-3000
0.68016,-3000
0.68038,-3000
0.68045,-3000
0.68052,-3000
0.68088,-3000
0.68124,-3000
0.6816,-3000
0.68196,-3000
0.68232,-3000
0.68268,-3000
0.68289,-3000
0.68304,-3000
0.6834,-3000
0.68376,-3000
0.68412,-3000
0.68448,-3000
0.68484,-3000
0.68519,-3000
0.68555,-3000
0.68591,-3000
0.68627,-3000
0.68663,-3000
0.68699,-3000
0.68735,-3000
0.6875,-3000
0.68771,-3000
0.68807,-3000
0.68843,-3000
0.68879,-3000
0.68915,-3000
0.68951,-3000
0.68987,-3000
0.69023,-3000
0.69059,-3000
0.69095,-3000
0.69116,-3000
0.69131,-3000
0.69152,-3000
0.69167,-3000
0.69202,-3000
0.69238,-3000
0.69274,-3000
0.69289,-3000
0.6931,-3000
0.69346,-3000
0.69382,-3000
0.69418,-3000
0.69454,-3000
0.6949,-3000
0.69526,-3000
0.69562,-3000
0.69598,-3000
0.69612,-3000
0.69634,-3000
0.6967,-3000
0.69706,-3000
0.69742,-3000
0.69778,-3000
0.69814,-3000
0.69849,-3000
0.69885,-3000
0.69914,-3000
0.69921,-3000
0.69957,-3000
0.69979,-3000
0.69993,-3000
0.70029,-3000
0.70065,-3000
0.70101,-3000
0.70137,-3000
0.70151,-3000
0.70173,-3000
0.70209,-3000
0.70245,-3000
0.70281,-3000
0.70317,-3000
0.70353,-3000
0.70389,-3000
0.70403,-3000
0.70425,-3000
0.70461,-3000
0.70497,-3000
0.70525,-3000
0.70532,-3000
0.70568,-3000
0.70604,-3000
0.7064,-3000
0.70662,-3000
0.70676,-3000
0.70712,-3000
0.70748,-3000
0.70777,-3000
0.70784,-3000
0.7082,-3000
0.70856,-3000
0.70892,-3000
0.70928,-3000
0.70964,-3000
0.71,-3000
0.71036,-3000
0.71072,-3000
0.71108,-3000
0.71144,-3000
0.71179,-3000
0.71194,-3000
0.71215,-3000
0.71251,-3000
0.71266,-3000
0.71287,-3000
0.71302,-3000
0.71323,-3000
0.71359,-3000
0.71388,-3000
0.71395,-3000
0.7141,-3000
0.71431,-3000
0.71467,-3000
0.71503,-3000
0.71517,-3000
0.71539,-3000
0.71575,-3000
0.71611,-3000
0.71625,-3000
0.71647,-3000
0.71683,-3000
0.71719,-3000
0.71733,-3000
0.71755,-3000
0.71791,-3000
0.71827,-3000
0.71841,-3000
0.71862,-3000
0.71898,-3000
0.71934,-3000
0.71949,-3000
0.7197,-3000
0.72006,-3000
0.72042,-3000
0.72057,-3000
0.72078,-3000
0.72114,-3000
0.7215,-3000
0.72186,-3000
0.72222,-3000
0.72258,-3000
0.72294,-3000
0.7233,-3000
0.72366,-3000
0.7238,-3000
0.72402,-3000
0.72438,-3000
0.72474,-3000
0.7251,-3000
0.72545,-3000
0.72581,-3000
0.72617,-3000
0.72653,-3000
0.72689,-3000
0.72725,-3000
0.72754,-3000
0.72761,-3000
0.72797,-3000
0.72811,-3000
0.72833,-3000
0.72869,-3000
0.72905,-3000
0.72941,-3000
0.72977,-3000
0.73013,-3000
0.73049,-3000
0.73085,-3000
0.73121,-3000
0.73157,-3000
0.73192,-3000
0.73228,-3000
0.73264,-3000
0.73293,-3000
0.733,-3000
0.73336,-3000
0.73372,-3000
0.73408,-3000
0.73444,-3000
0.7348,-3000
0.73516,-3000
0.73552,-3000
0.73588,-3000
0.73609,-3000
0.73617,-3000
0.73624,-3000
0.73638,-3000
0.7366,-3000
0.73696,-3000
0.73732,-3000
0.73739,-3000
0.73768,-3000
0.73804,-3000
0.7384,-3000
0.73875,-3000
0.73911,-3000
0.73947,-3000
0.73983,-3000
0.74019,-3000
0.74055,-3000
0.74091,-3000
0.74127,-3000
0.74156,-3000
0.74163,-3000
0.74199,-3000
0.74235,-3000
0.74271,-3000
0.74278,-3000
0.74307,-3000
0.74343,-3000
0.74379,-3000
0.74415,-3000
0.74451,-3000
0.74472,-3000
0.74487,-3000
0.74501,-3000
0.74522,-3000
0.74558,-3000
0.74594,-3000
0.74602,-3000
0.7463,-3000
0.74666,-3000
0.74702,-3000
0.74738,-3000
0.74774,-3000
0.7481,-3000
0.74846,-3000
0.74882,-3000
0.74918,-3000
0.74954,-3000
0.7499,-3000
0.75026,-3000
0.75062,-3000
0.75098,-3000
0.75134,-3000
0.75141,-3000
0.7517,-3000
0.75205,-3000
0.75241,-3000
0.75277,-3000
0.75313,-3000
0.75349,-3000
0.75385,-3000
0.75421,-3000
0.75457,-3000
0.75493,-3000
0.75529,-3000
0.75565,-3000
0.75601,-3000
0.75637,-3000
0.75673,-3000
0.75709,-3000
0.75745,-3000
0.75781,-3000
0.75817,-3000
0.75853,-3000
0.75888,-3000
0.75924,-3000
0.7596,-3000
0.75982,-3000
0.75996,-3000
0.76003,-3000
0.76032,-3000
0.76068,-3000
0.76104,-3000
0.76119,-3000
0.7614,-3000
0.76176,-3000
0.76212,-3000
0.76248,-3000
0.76284,-3000
0.7632,-3000
0.76356,-3000
0.76392,-3000
0.76428,-3000
0.76464,-3000
0.765,-3000
0.76535,-3000
0.76571,-3000
0.76607,-3000
0.76643,-3000
0.76679,-3000
0.76715,-3000
0.76751,-3000
0.76787,-3000
0.76823,-3000
0.76845,-3000
0.76859,-3000
0.76895,-3000
0.76931,-3000
0.76967,-3000
0.76981,-3000
0.77003,-3000
0.77039,-3000
0.77075,-3000
0.77111,-3000
0.77147,-3000
0.77183,-3000
0.77218,-3000
0.77226,-3000
0.77254,-3000
0.7729,-3000
0.77326,-3000
0.77362,-3000
0.77398,-3000
0.77434,-3000
0.7747,-3000
0.77506,-3000
0.77542,-3000
0.77578,-3000
0.77614,-3000
0.7765,-3000
0.77686,-3000
0.77722,-3000
0.77758,-3000
0.77794,-3000
0.7783,-3000
0.77865,-3000
0.77901,-3000
0.77937,-3000
0.77973,-3000
0.78009,-3000
0.78045,-3000
0.78081,-3000
0.78088,-3000
0.78117,-3000
0.78153,-3000
0.78189,-3000
0.78196,-3000
0.78225,-3000
0.78261,-3000
0.78297,-3000
0.78333,-3000
0.78369,-3000
0.78405,-3000
0.78441,-3000
0.78477,-3000
0.78513,-3000
0.78548,-3000
0.78584,-3000
0.7862,-3000
0.78642,-3000
0.78656,-3000
0.78692,-3000
0.78728,-3000
0.78764,-3000
0.788,-3000
0.78836,-3000
0.78872,-3000
0.78908,-3000
0.78944,-3000
0.7898,-3000
0.79016,-3000
0.79052,-3000
0.79059,-3000
0.79088,-3000
0.79124,-3000
0.7916,-3000
0.79196,-3000
0.79231,-3000
0.79267,-3000
0.79303,-3000
0.79339,-3000
0.79375,-3000
0.79411,-3000
0.79447,-3000
0.79462,-3000
0.79483,-3000
0.79505,-3000
0.79519,-3000
0.79555,-3000
0.79591,-3000
0.79627,-3000
0.79663,-3000
0.79699,-3000
0.79735,-3000
0.79771,-3000
0.79807,-3000
0.79843,-3000
0.79878,-3000
0.79914,-3000
0.79922,-3000
0.7995,-3000
0.79986,-3000
0.80022,-3000
0.80044,-3000
0.80058,-3000
0.80094,-3000
0.8013,-3000
0.80166,-3000
0.80202,-3000
0.80238,-3000
0.80274,-3000
0.8031,-3000
0.80324,-3000
0.80346,-3000
0.80382,-3000
0.80418,-3000
0.80454,-3000
0.8049,-3000
0.80526,-3000
0.80561,-3000
0.80597,-3000
0.80633,-3000
0.80669,-3000
0.80705,-3000
0.80741,-3000
0.80777,-3000
0.80813,-3000
0.80849,-3000
0.80885,-3000
0.80907,-3000
0.80921,-3000
0.80957,-3000
0.80993,-3000
0.81022,-3000
0.81029,-3000
0.81065,-3000
0.81101,-3000
0.81137,-3000
0.81173,-3000
0.81208,-3000
0.81244,-3000
0.8128,-3000
0.81316,-3000
0.81352,-3000
0.81388,-3000
0.81424,-3000
0.8146,-3000
0.81496,-3000
0.81532,-3000
0.81546,-3000
0.81568,-3000
0.81604,-3000
0.8164,-3000
0.81676,-3000
0.81712,-3000
0.81748,-3000
0.81784,-3000
0.8182,-3000
0.81856,-3000
0.81884,-3000
0.81891,-3000
0.81927,-3000
0.81963,-3000
0.81999,-3000
0.82035,-3000
0.82057,-3000
0.82071,-3000
0.82107,-3000
0.82136,-3000
0.82143,-3000
0.82179,-3000
0.82215,-3000
0.82251,-3000
0.82287,-3000
0.82323,-3000
0.82359,-3000
0.82395,-3000
0.82409,-3000
0.82431,-3000
0.82467,-3000
0.82503,-3000
0.82539,-3000
0.82574,-3000
0.8261,-3000
0.82646,-3000
0.82675,-3000
0.82682,-3000
0.82718,-3000
0.82754,-3000
0.8279,-3000
0.82826,-3000
0.82862,-3000
0.82898,-3000
0.8292,-3000
0.82934,-3000
0.8297,-3000
0.83006,-3000
0.83042,-3000
0.83078,-3000
0.83114,-3000
0.8315,-3000
0.83186,-3000
0.83221,-3000
0.83257,-3000
0.83265,-3000
0.83293,-3000
0.83329,-3000
0.83365,-3000
0.83401,-3000
0.83437,-3000
0.83473,-3000
0.83509,-3000
0.83523,-3000
0.83538,-3000
0.83545,-3000
0.83581,-3000
0.83617,-3000
0.83653,-3000
0.83689,-3000
0.83725,-3000
0.83761,-3000
0.83782,-3000
0.83797,-3000
0.83833,-3000
0.83869,-3000
0.83904,-3000
0.8394,-3000
0.83948,-3000
0.83976,-3000
0.84012,-3000
0.84048,-3000
0.84084,-3000
0.8412,-3000
0.84127,-3000
0.84156,-3000
0.84192,-3000
0.84228,-3000
0.84264,-3000
0.843,-3000
0.84336,-3000
0.84372,-3000
0.84386,-3000
0.84408,-3000
0.84444,-3000
0.8448,-3000
0.84516,-3000
0.84551,-3000
0.84587,-3000
0.84623,-3000
0.84659,-3000
0.84695,-3000
0.84731,-3000
0.8476,-3000
0.84767,-3000
0.84803,-3000
0.8481,-3000
0.84839,-3000
0.84875,-3000
0.84904,-3000
0.84911,-3000
0.84947,-3000
0.84983,-3000
0.85019,-3000
0.85055,-3000
0.85076,-3000
0.85091,-3000
0.85127,-3000
0.85163,-3000
0.85199,-3000
0.85234,-3000
0.8527,-3000
0.85306,-3000
0.85342,-3000
0.85378,-3000
0.85414,-3000
0.8545,-3000
0.85486,-3000
0.85522,-3000
0.85558,-3000
0.85594,-3000
0.85623,-3000
0.8563,-3000
0.85666,-3000
0.85702,-3000
0.85738,-3000
0.85766,-3000
0.85774,-3000
0.8581,-3000
0.85846,-3000
0.85882,-3000
0.8591,-3000
0.85917,-3000
0.85925,-3000
0.85939,-3000
0.85953,-3000
0.85989,-3000
0.86025,-3000
0.86061,-3000
0.86097,-3000
0.86133,-3000
0.86169,-3000
0.86205,-3000
0.86227,-3000
0.86241,-3000
0.86263,-3000
0.86277,-3000
0.86313,-3000
0.86349,-3000
0.86385,-3000
0.86421,-3000
0.86457,-3000
0.86493,-3000
0.86529,-3000
0.86564,-3000
0.866,-3000
0.86636,-3000
0.86672,-3000
0.86708,-3000
0.86744,-3000
0.86773,-3000
0.8678,-3000
0.86787,-3000
0.86816,-3000
0.86852,-3000
0.86888,-3000
0.86924,-3000
0.8696,-3000
0.86996,-3000
0.87032,-3000
0.87068,-3000
0.87089,-3000
0.87104,-3000
0.8714,-3000
0.87176,-3000
0.87212,-3000
0.87226,-3000
0.87247,-3000
0.87283,-3000
0.87319,-3000
0.87355,-3000
0.87391,-3000
0.87427,-3000
0.87463,-3000
0.87499,-3000
0.87535,-3000
0.87571,-3000
0.87607,-3000
0.87636,-3000
0.87643,-3000
0.87679,-3000
0.87715,-3000
0.87751,-3000
0.87787,-3000
0.87815,-3000
0.87823,-3000
0.87859,-3000
0.87894,-3000
0.8793,-3000
0.87966,-3000
0.87981,-3000
0.88002,-3000
0.88038,-3000
0.88074,-3000
0.88089,-3000
0.8811,-3000
0.88146,-3000
0.88182,-3000
0.88218,-3000
0.88254,-3000
0.8829,-3000
0.88326,-3000
0.88362,-3000
0.88398,-3000
0.88405,-3000
0.88434,-3000
0.8847,-3000
0.88484,-3000
0.88506,-3000
0.88542,-3000
0.88577,-3000
0.88613,-3000
0.88649,-3000
0.88678,-3000
0.88685,-3000
0.88721,-3000
0.88757,-3000
0.88793,-3000
0.88829,-3000
0.88843,-3000
0.88865,-3000
0.88901,-3000
0.88937,-3000
0.88973,-3000
0.89009,-3000
0.89045,-3000
0.89081,-3000
0.89117,-3000
0.89153,-3000
0.89189,-3000
0.89225,-3000
0.8926,-3000
0.89268,-3000
0.89296,-3000
0.89332,-3000
0.89347,-3000
0.89368,-3000
0.89404,-3000
0.89433,-3000
0.8944,-3000
0.89476,-3000
0.89512,-3000
0.89548,-3000
0.89584,-3000
0.8962,-3000
0.89634,-3000
0.89656,-3000
0.89692,-3000
0.89728,-3000
0.89735,-3000
0.89764,-3000
0.898,-3000
0.89836,-3000
0.89872,-3000
0.89907,-3000
0.89943,-3000
0.89979,-3000
0.90015,3000
0.90051,3000
0.90003,3000
0.89954,3000
0.89905,3000
0.89856,3000
0.89808,3000
0.89759,3000
0.8972,3000
0.8971,3000
0.89661,3000
0.89613,3000
0.89564,3000
0.89515,3000
0.89466,3000
0.89447,3000
0.89418,3000
0.89369,3000
0.8932,3000
0.89311,3000
0.89272,3000
0.89223,3000
0.89174,3000
0.89125,3000
0.89077,3000
0.89028,3000
0.89008,3000
0.88979,3000
0.8893,3000
0.88882,3000
0.88833,3000
0.88784,3000
0.88735,3000
0.88687,3000
0.88638,3000
0.88589,3000
0.88541,3000
0.88492,3000
0.88443,3000
0.88394,3000
0.88346,3000
0.88297,3000
0.88248,3000
0.88199,3000
0.88151,3000
0.88141,3000
0.88102,3000
0.88053,3000
0.88004,3000
0.87956,3000
0.87907,3000
0.87858,3000
0.87839,3000
0.8781,3000
0.87761,3000
0.87722,3000
0.87712,3000
0.87663,3000
0.87615,3000
0.87566,3000
0.87517,3000
